account,seq,id_powid,id_proxid,id_seleid,id_orgid,id_ultid,history_date,history_datetime,ver_src_id_list,empl_ct_best
802308,0,0,0,100952985,100952985,100952985,999999,999999,"RR,Z1,P,C,BR,FB,EF,RQ",0
830570,0,0,0,6230457,6230457,6230457,999999,999999,"GB,U2,WK,Z1,RR,V2,BN,RQ,P,Y,Z2,BR,IA,DN,L2,EF",0
841134,0,0,0,99964083733,51859779,51859779,999999,999999,"BN,RR,WK,U2,P,V2,Z1,L2,BR,FB,L0",0
272617,0,0,0,111115919,111115919,111115919,999999,999999,"GB,RR,Z1,Y,Z2,P",0
324486,0,0,0,149227273,149227273,149227273,999999,999999,"GB,RR,Z1,Y,U2,BR,C,Z2,P",0
393572,0,0,0,93354986,93354986,93354986,999999,999999,"Z1,C,RR,P,U2,WK,BR,FB,EF,L0",0
606954,0,0,0,136423509461,136423509461,136423509461,999999,999999,"C,RR,P,Z1,U2,BR",0
582449,0,0,0,113309588,57860386,57860386,999999,999999,"RR,IN,Z1,WK,RQ,P,DN,Z2,GB,Y,C,L2,EF",0
645343,0,0,0,59996473,59996473,59996473,999999,999999,"RR,Z1,P,PL,WK,U2,EF",0
838633,0,0,0,86388303948,86388303948,86388303948,999999,999999,"RR,C,V2,Z1,P,BR,EF",0
842904,0,0,0,133862466654,133862466654,133862466654,999999,999999,"RR,V2,C,P,Z1,WK,BR",0
852336,0,0,0,15238593592,15238593592,15238593592,999999,999999,"GB,Y,RR,Z1,Z2,P",0
933463,0,0,0,86478861947,86478861947,86478861947,999999,999999,"RR,Z1,C,P,RQ",0
1203676,0,0,0,139767205293,139767205293,139767205293,999999,999999,"GB,BR,Z1,U2,RR,WK,V2,P,C,Y,Z2,RQ",0
1314180,0,0,0,1030184661,1030184661,1030184661,999999,999999,"P,Z1,RR,BR,FB",0
1419105,0,0,0,86363795953,86363795953,86363795953,999999,999999,"GB,BR,RR,RQ,C,U2,WK,BN,Z1,FB,P",0
1699530,0,0,0,76485355,76485355,76485355,999999,999999,"RR,P,C,Z1,BR,FB",0
1685191,0,0,0,53759328,4925076,4925076,999999,999999,"DN,RR,Z1,U2,Y,V2,P,GB,RQ",0
1779702,0,0,0,135370378057,135370378057,135370378057,999999,999999,"P,RR,C,Z1,EF,RQ",0
1813699,0,0,0,2167888806,2167888806,2167888806,999999,999999,"Z1,RR,C,BR,P,RQ",0
1900027,0,0,0,47444346007,47444346007,47444346007,999999,999999,"RR,C,Z1,P,BR,RQ",0
1928922,0,0,0,136110344118,136110344118,136110344118,999999,999999,"RR,TX,V2,C,U2,P,BR,RQ,Z1",0
1989684,0,0,0,1032830890,1032830890,1032830890,999999,999999,"P,Z1,RR,DN,C,IA,BR,FB,Y,EF",0
2184284,0,0,0,69303941,69303941,69303941,999999,999999,"RR,C,Z1,P,U2,RQ",0
2252468,0,0,0,1253239784,1253239784,1253239784,999999,999999,"TX,RR,C,P,Z1,BR,FB,EF,RQ",0
2337123,0,0,0,105028159,105028159,105028159,999999,999999,"Z1,RR,GB,Z2,L2,P,BR,C,FB,EF",0
2469010,0,0,0,573145390,573145390,573145390,999999,999999,"RR,P,C,Z1,V2,BR",0
2481928,0,0,0,119507444467,119507444467,119507444467,999999,999999,"RR,P,Z1,C,BR",0
2534405,0,0,0,135499233,135499233,135499233,999999,999999,"RR,Z1,BR,FB,P,C",0
2682942,0,0,0,135176134695,135176134695,135176134695,999999,999999,"RR,P,U2,Z1,C,WK,BR",0
2773702,0,0,0,137793300800,137793300800,137793300800,999999,999999,"RR,PL,P,U2,Z1,Y",0
2841156,0,0,0,1005997990,1005997990,1005997990,999999,999999,"RR,Z1,C,P,GB,IA",0
2843883,0,0,0,215306784,215306784,215306784,999999,999999,"C,RR,DN,Z1,BR,P,EF",0
2884404,0,0,0,75576571,75576571,75576571,999999,999999,"RR,Z1,C,P",0
2986209,0,0,0,148033413,148033413,148033413,999999,999999,"RR,Z1,C,P,EF",0
115027,0,0,0,2182206,2182206,2182206,999999,999999,"GB,RR,WK,BR,C,P,Y,U2,Z2,RQ,Z1,FB",0
178261,0,0,0,54346955,54346955,54346955,999999,999999,"RR,C,P,Z1",0
347152,0,0,0,199950220,199950220,199950220,999999,999999,"RR,P,C,Z1,BR,V2,RQ",0
360102,0,0,0,161514770,161514770,161514770,999999,999999,"PL,Z1,RR,C,P,BR",0
364457,0,0,0,37905879,37905879,37905879,999999,999999,"GB,RR,Z1,V2,BM,U2,DF,RQ,Y,C,Z2,L2,IA,BR,FB,P",0
373618,0,0,0,8551206,8551206,8551206,999999,999999,"RR,Z1,C,BR,FB,P",0
379079,0,0,0,134090173261,134090173261,134090173261,999999,999999,"Z1,RR,C,V2,WK,P,U2,BR,RQ",0
404604,0,0,0,134201236630,134201236630,134201236630,999999,999999,"BN,WK,Y,RR,C,U2,P,Z1,L0",0
500312,0,0,0,136201061114,136201061114,136201061114,999999,999999,"RR,U2,C,Z1,P,RQ",0
556332,0,0,0,125927002,125927002,125927002,999999,999999,"Z1,U2,RR,GB,IA,P,DN,EF",0
601163,0,0,0,135861675829,135861675829,135861675829,999999,999999,"C#,RR,BM,WK,Z1,P,C,FB,BR",0
626718,0,0,0,478625487,478625487,478625487,999999,999999,"RR,C,Z1,U2,P,DN,BR,FB,EF",0
629158,0,0,0,37863692,37863692,37863692,999999,999999,"WK,RR,C,Z1,P,FB,BR,EF,RQ",0
631728,0,0,0,136657598272,136657598272,136657598272,999999,999999,"RR,U2,C,V2,P,Z1,BR",0
631168,0,0,0,86005619,86005619,86005619,999999,999999,"RR,C,WK,U2,Z1,P,BR,FB,EF",0
673625,0,0,0,35869208,35869208,35869208,999999,999999,"Z1,RR,C,GB,P",0
690184,0,0,0,150128505,150128505,150128505,999999,999999,"Z1,RR,P,U2,C,PL,OS,GB,DN,L2,V2,AR,I,BR,FB,RQ",0
717432,0,0,0,95457761032,95457761032,95457761032,999999,999999,"C#,RR,Z1,P,C,U2,BR,RQ",0
785420,0,0,0,135286716633,135286716633,135286716633,999999,999999,"GB,WK,RR,C,V2,P,Z1,Y,BR,Z2",0
785073,0,0,0,101850564968,101850564968,101850564968,999999,999999,"RR,P,BR,C,U2,Z1,DN,RQ",0
796358,0,0,0,134575863276,134575863276,134575863276,999999,999999,"GB,RR,C,Z1,Z2,Y,P,RQ,BR,EF",0
10653,0,0,0,114361035605,114361035605,114361035605,999999,999999,"GB,Z1,RR,U2,C,WK,Y,P,BR",0
30994,0,0,0,29214084,29214084,29214084,999999,999999,"Z1,RR,P,C,BR",0
37165,0,0,0,138812020777,138812020777,138812020777,999999,999999,"RR,IN,WK,RQ,U2,P,Z1,BR,C,GB",0
49433,0,0,0,74111460,74111460,74111460,999999,999999,"C,Z1,P,RR,FB,RQ",0
1694143,0,0,0,74933123925,74933123925,74933123925,999999,999999,"RR,C,P,Z1",0
2664244,0,0,0,62815037856,62815037856,62815037856,999999,999999,"RR,V2,U2,C,P,WK,L2,Z1,BR",0
2812077,0,0,0,3195680305,3195680305,3195680305,999999,999999,"RR,C,P,Z1,BR,EF",0
648930,0,0,0,138034138,138034138,138034138,999999,999999,"GB,RR,Z1,P,Z2,Y,C,FB,BR",0
811513,0,0,0,64284594,64284594,64284594,999999,999999,"RR,C,P,Z1,BR,FB,RQ,EF",0
3114147,0,0,0,3649491483,3649491483,3649491483,999999,999999,"RR,C,P,Z1,V2,BR,EF",0
3023453,0,0,0,75519749257,75519749257,75519749257,999999,999999,"RR,BN,C,Z1,P,BR,U2,RQ",0
2500900,0,0,0,15061180351,15061180351,15061180351,999999,999999,"GB,RR,Z1,P,C,Y,Z2,V2,EF",0
2503906,0,0,0,169893216,169893216,169893216,999999,999999,"RR,DN,U2,C,P,Z1,WK,EF",0
1266227,0,0,0,52202128,52202128,52202128,999999,999999,"Z1,RR,P,U2,C,Y",0
893075,0,0,0,965968196,965968196,965968196,999999,999999,"RR,C,Z1,P,BR,FB",0
2041691,0,0,0,53745620,53745620,53745620,999999,999999,"WK,RR,P,C,BN,Z1,BR,FB,V2,EF",0
1296897,0,0,0,28292898,28292898,28292898,999999,999999,"RR,C,WK,Z1,P,U2,V2,BR",0
2507341,0,0,0,126964679,126964679,126964679,999999,999999,"C#,RR,Z1,C,U2,BR,P,WK,FB,L2",0
440726,0,0,0,88857566,88857566,88857566,999999,999999,"RR,IN,P,DN,Z1,U2,EF",0
614757,0,0,0,1175754398,1175754398,1175754398,999999,999999,"RR,C,Z1,P,BR,FB",0
1697094,0,0,0,37327572,37327572,37327572,999999,999999,"RR,TX,C,Z1,P,BR,FB,EF",0
1534794,0,0,0,19990031,19990031,19990031,999999,999999,"RR,C,Z1,P,WK,GB,BR,FB",0
2914341,0,0,0,129765580,129765580,129765580,999999,999999,"RR,C,P,Z1,DN,C#,BR",0
2120574,0,0,0,134399651712,134399651712,134399651712,999999,999999,"RR,C,Z1,P,BR",0
1111608,0,0,0,882793079,882793079,882793079,999999,999999,"RR,V2,C,P,Z1",0
2021759,0,0,0,137538234,137538234,137538234,999999,999999,"RR,V2,BN,U2,WK,C,GB,Z1,P,Z2,Y,RQ",0
1635225,0,0,0,134399645864,134399645864,134399645864,999999,999999,"U2,RR,BN,P,PL,WK,BR,C,BM,Z1,FB,RQ",0
182281,0,0,0,58913248,58913248,58913248,999999,999999,"RR,Z1,DN,BN,P,GB,U2,RQ,Y,WK,Z2,OS,C,V2,BR,FB,DF,IA,L2,I,EF",0
2295462,0,0,0,90800427,90800427,90800427,999999,999999,"RR,C,Z1,P,C#,U2,IA,GB,DN,EF,Z2",0
1230206,0,0,0,135922794179,135922794179,135922794179,999999,999999,"GB,RR,Z1,P,Y,WK,Z2,BR,C",0
2221958,0,0,0,9710463,9710463,9710463,999999,999999,"RR,Z1,C,P,U2,WK,BR,FB",0
3118618,0,0,0,17312279,17312279,17312279,999999,999999,"GB,BN,Z1,RR,Z2,Y,U2,DN,BR,FB,BA,C#,P,IA,C,FT,L2,EF,RQ",0
839209,0,0,0,134201286696,134201286696,134201286696,999999,999999,"RR,Y,Z1,P,C,U2,GB,Z2,RQ",0
2362305,0,0,0,133546959,133546959,133546959,999999,999999,"RR,C,WK,BN,V2,Z1,P,U2,Z2,Y,GB,RQ,DN,IA,L2",0
1601877,0,0,0,956586671,956586671,956586671,999999,999999,"RR,P,V2,C,Z1,U2,BR,RQ",0
1619003,0,0,0,134445943673,134445943673,134445943673,999999,999999,"RR,C,P,Z1,BR,RQ",0
1838543,0,0,0,133157983,133157983,133157983,999999,999999,"RR,Z1,C,P,BR,L2",0
1010353,0,0,0,73241490252,73241490252,73241490252,999999,999999,"RR,BN,Z1,P,BR,C,WK,GB,RQ",0
2028861,0,0,0,77575420271,77575420271,77575420271,999999,999999,"RR,P,Z1",0
1536146,0,0,0,78994653471,78994653471,78994653471,999999,999999,"RR,P,BR,C,Z1",0
1051530,0,0,0,143076787,143076787,143076787,999999,999999,"RR,C,Z1,P,BR,FB",0
669230,0,0,0,28868876515,28868876515,28868876515,999999,999999,"Z1,RR,GB,P,Y,Z2",0
2402889,0,0,0,134090312373,134090312373,134090312373,999999,999999,"GB,RR,C,P,Z1,Z2,Y,BR",0
2420229,0,0,0,44568318991,44568318991,44568318991,999999,999999,"RR,C,Z1,P,Y,BR,GB,RQ",0
2454819,0,0,0,134200313589,134200313589,134200313589,999999,999999,"RR,U2,Z1,P,C,BR,L0",0
2460380,0,0,0,64538785,64538785,64538785,999999,999999,"RR,WK,Z1,U2,C,P,BR,EF,L0",0
2480322,0,0,0,134345031570,134345031570,134345031570,999999,999999,"C,RR,V2,Z1,U2,L2,P,BR",0
2487579,0,0,0,162909830,162909830,162909830,999999,999999,"RR,C,Z1,DN,P,BR,FB,EF",0
2527952,0,0,0,26072468,26072468,26072468,999999,999999,"RR,C,P,Z1,U2,RQ,V2,GB,BR,FB",0
2547243,0,0,0,116242904626,116242904626,116242904626,999999,999999,"GB,RR,V2,WK,Z1,PL,RQ,BR,C,P,Y,Z2",0
2559919,0,0,0,80205199,80205199,80205199,999999,999999,"BR,V2,RR,WK,C,U2,P,Z1,FB,GB,DN,EF",0
2578790,0,0,0,1216849277,1216849277,1216849277,999999,999999,"Z1,RR,P,WK,V2,C,BR",0
2596886,0,0,0,638115899,638115899,638115899,999999,999999,"Z1,P,RR,FB,RQ",0
2598703,0,0,0,86422318341,86422318341,86422318341,999999,999999,"GB,WK,Z1,RR,C,U2,P,Y,BR,FB,L0,RQ",0
2673054,0,0,0,134093093078,134093093078,134093093078,999999,999999,"GB,DA,RR,C,Z1,U2,P,Y,RQ,Z2",0
2683736,0,0,0,125003727,125003727,125003727,999999,999999,"U2,RR,Z1,GB,P,C,Y,BR,EF",0
2746949,0,0,0,12778228900,12778228900,12778228900,999999,999999,"RR,C,V2,Z1,P,BR",0
2808986,0,0,0,103296203,103296203,103296203,999999,999999,"RR,C,Z1,P,L2,BR,EF",0
2810647,0,0,0,134028410100,1320882602,1320882602,999999,999999,"C,RR,Z1,BR,P",0
2839417,0,0,0,95448670655,95448670655,95448670655,999999,999999,"GB,RR,BN,P,Z1,C,RQ,Z2,Y,BR",0
2856689,0,0,0,63399444,63399444,63399444,999999,999999,"RR,WK,PL,C,P,V2,BN,Z1,U2,FB,BR,RQ",0
2882722,0,0,0,68717056,68477143,68477143,999999,999999,"C#,RR,DN,Z1,BN,WK,C,Y,RQ,FB,BR,Z2,U2,GB,P,I,FT,EF",0
2907980,0,0,0,141764960,141764960,141764960,999999,999999,"GB,RR,Z1,Y,U2,C,BR,P,IA,L2,FB,RQ",0
2917941,0,0,0,134603463314,134603463314,134603463314,999999,999999,"RR,Z1,C,WK,P,L2",0
2937666,0,0,0,35078140525,35078140525,35078140525,999999,999999,"GB,C,Z1,P,RR,Z2,BR,RQ",0
2958346,0,0,0,150462085,150462085,150462085,999999,999999,"RR,C,Z1,U2,P",0
2983605,0,0,0,92175464,92175464,92175464,999999,999999,"RR,Z1,U2,P,Y,GB,RQ",0
3000262,0,0,0,18448226,18448226,18448226,999999,999999,"GB,BN,RR,P,C,Y,Z1,Z2,WK,BR,EF",0
3026473,0,0,0,136511110983,136511110983,136511110983,999999,999999,"GB,BN,RR,U2,C,V2,Y,P,WK,Z1,RQ,Z2,BR",0
1643746,0,0,0,94856433,94856433,94856433,999999,999999,"BN,RR,P,WK,Z1,IA,L2,EF",0
1638042,0,0,0,110124697,110124697,110124697,999999,999999,"U2,V2,RR,P,Z1,WK,BR,C,FB",0
1669561,0,0,0,75519657,75519657,75519657,999999,999999,"C,RR,Z1,V2,U2,P,FB,L2,BR,RQ",0
1694278,0,0,0,90364190,90364190,90364190,999999,999999,"RR,C,P,V2,U2,Z1,BR,RQ",0
1697715,0,0,0,165169959,165169959,165169959,999999,999999,"RR,C,Z1,IN,P,BR,FB,EF",0
1732027,0,0,0,62189853,62189853,62189853,999999,999999,"RR,C,WK,Z1,P,U2,BR",0
1733398,0,0,0,135656648108,135656648108,135656648108,999999,999999,"RR,P,Z1,BR,C",0
1766236,0,0,0,86836037928,86836037928,86836037928,999999,999999,"RR,BN,WK,C,V2,U2,P,BR,FB,Z1,DN,RQ",0
1835882,0,0,0,569362671,569362671,569362671,999999,999999,"RR,C,P,Z1,V2,U2,WK,TX,BR,FB,EF",0
1849057,0,0,0,136912147184,136912147184,136912147184,999999,999999,"RR,C,U2,V2,Z1,P,BR",0
1888048,0,0,0,125240710,125240710,125240710,999999,999999,"P,Z1,RR",0
1905307,0,0,0,2152708897,2152708897,2152708897,999999,999999,"RR,C,Z1,P",0
1918312,0,0,0,86410798765,86410798765,86410798765,999999,999999,"RR,C,P,Z1,BR",0
1935150,0,0,0,798308192,798308192,798308192,999999,999999,"RR,C,Z1,P,BR",0
1950322,0,0,0,133621246270,133621246270,133621246270,999999,999999,"RR,WK,IN,C,Z1,U2,P,RQ,FB,BR,DN,EF",0
1970109,0,0,0,134197572937,134197572937,134197572937,999999,999999,"RR,U2,V2,GB,P,C,Z1,Z2,Y",0
1987837,0,0,0,150637075,150637075,150637075,999999,999999,"BN,RR,V2,C,P,Z1,U2,BR,FB,RQ",0
2003035,0,0,0,144889284,144889284,144889284,999999,999999,"RR,U2,P,Z1,C,L2,BR,RQ",0
2024192,0,0,0,41507545,41507545,41507545,999999,999999,"RR,U2,Z1,P,WK,C,BR",0
2041225,0,0,0,146960202,146960202,146960202,999999,999999,"Z1,RR,C,U2,V2,BR,P,RQ",0
2052011,0,0,0,176621044,176621044,176621044,999999,999999,"RR,Z1,V2,C,P,BR,FB",0
2055149,0,0,0,118319849,118319849,118319849,999999,999999,"RR,C,V2,P,Z1,RQ,BR,FB",0
2070031,0,0,0,23668497,23668497,23668497,999999,999999,"RR,Z2,Z1,GB,P,EF,RQ",0
2149383,0,0,0,138700221,138700221,138700221,999999,999999,"BN,RR,Z1,U2,IA,P,C,GB,DN,FB,L2,EF",0
2187539,0,0,0,135396918499,135396918499,135396918499,999999,999999,"WK,RR,P,Z1,RQ",0
2210360,0,0,0,28860982397,28860982397,28860982397,999999,999999,"P,RR,C,Z1,BR,RQ",0
2220383,0,0,0,118773096672,118773096672,118773096672,999999,999999,"GB,RR,C,BN,Z1,Y,P,BR,L2,EF,RQ",0
2247812,0,0,0,19157504891,19157504891,19157504891,999999,999999,"RR,C,P,U2,Z1,C#,BR",0
2269339,0,0,0,12635899,12635899,12635899,999999,999999,"P,Z1,L2,RR,U2,BR,FB",0
891691,0,0,0,133615243506,133615243506,133615243506,999999,999999,"Z1,WK,PL,RR,GB,BN,U2,P,Y,RQ,Z2",0
920030,0,0,0,145518605,145518605,145518605,999999,999999,"RR,P,Z1,BR,FB,EF,RQ",0
957006,0,0,0,134495918270,134495918270,134495918270,999999,999999,"GB,RR,RQ,P,Z1,Y,Z2",0
1035876,0,0,0,35445830910,35445830910,35445830910,999999,999999,"RR,C,P,Z1,BR,RQ",0
1038676,0,0,0,74936873019,74936873019,74936873019,999999,999999,"GB,V2,RR,BN,C,TX,Z1,RQ,P,Y,Z2,U2,BR,FB",0
1069052,0,0,0,22733977,22733977,22733977,999999,999999,"RR,C,Z1,IA,L2,P,EF",0
1086016,0,0,0,12536817,12536817,12536817,999999,999999,"GB,RR,WK,Z1,P,U2,Z2,Y,FB,BR,C,L2,EF",0
1118216,0,0,0,120015579937,120015579937,120015579937,999999,999999,"P,RR,V2,GB,Z1,U2,Z2,RQ",0
1124315,0,0,0,334579661,334579661,334579661,999999,999999,"GB,RR,C,C#,RQ,Z1,P,Y,Z2,BR,FB",0
1133274,0,0,0,277179698,277179698,277179698,999999,999999,"RR,V2,U2,Z1,C,P,BR",0
1151752,0,0,0,28859887598,28859887598,28859887598,999999,999999,"RR,U2,C,WK,V2,P,Z1,BR,L0,RQ",0
1179271,0,0,0,134201212437,134201212437,134201212437,999999,999999,"U2,WK,RR,Z1,P,C,RQ,BR",0
1190771,0,0,0,116228329845,116228329845,116228329845,999999,999999,"RR,P,Z1,BR,C,RQ",0
1209982,0,0,0,136423527647,136423527647,136423527647,999999,999999,"RR,C,Z1,P,BR",0
1211831,0,0,0,29084428774,29084428774,29084428774,999999,999999,"RR,WK,V2,C,DN,U2,PL,Z1,P,BR,L2,Y,GB,EF,RQ",0
1235195,0,0,0,90002191500,90002191500,90002191500,999999,999999,"P,U2,WK,RR,Z1,BR,RQ",0
1238965,0,0,0,1910840,1910840,1910840,999999,999999,"GB,RR,Z1,Y,RQ,Z2,P,BR,FB",0
1306737,0,0,0,32580883,32580883,32580883,999999,999999,"RR,C,U2,P,Z1,DN,Z2,L2,GB,BR,EF",0
1317629,0,0,0,93739547,93739547,93739547,999999,999999,"DA,U2,Z1,V2,RR,P,PL,EF",0
1326986,0,0,0,79308731070,79308731070,79308731070,999999,999999,"WK,RR,BN,Z1,L2,P,RQ,Y,U2,V2",0
1327782,0,0,0,220663626,220663626,220663626,999999,999999,"P,RR,C,Z1,BR,FB,EF",0
1390371,0,0,0,35275316,35275316,35275316,999999,999999,"RR,Z1,WK,Y,BN,U2,C,P,RQ,Z2,GB,FB,BR,EF,L0",0
1404385,0,0,0,64237301341,64237301341,64237301341,999999,999999,"RR,BN,Z1,U2,P,C,WK,BR",0
1456262,0,0,0,98626599,98626599,98626599,999999,999999,"GB,RR,Z1,Y,C,P,Z2,IA,EF",0
1494543,0,0,0,2309375293,2309375293,2309375293,999999,999999,"GB,RR,U2,Z1,P,Y,Z2,C,BR,L2,RQ",0
1549290,0,0,0,99973160333,99973160333,99973160333,999999,999999,"RR,C,Z1,WK,U2,P,BR,EF,RQ",0
108126,0,0,0,135964685753,135964685753,135964685753,999999,999999,"GB,RR,P,Z1,RQ,Y,Z2",0
138528,0,0,0,116260877426,116260877426,116260877426,999999,999999,"RR,C,BN,WK,U2,P,Z1,BR,RQ",0
156484,0,0,0,86671886,86671886,86671886,999999,999999,"RR,C,P,WK,Z1,BR,RQ",0
244552,0,0,0,119696526,119696526,119696526,999999,999999,"RR,Z1,C,P,L2,Y,GB,IA,Z2",0
267419,0,0,0,70532996,70532996,70532996,999999,999999,"RR,Z1,GB,BR,P",0
312325,0,0,0,65006631350,65006631350,65006631350,999999,999999,"GB,RR,Z1,V2,C,WK,Y,Z2,P,BR,FB",0
341025,0,0,0,215502917,215502917,215502917,999999,999999,"RR,P,BN,U2,Z1,V2,BR,RQ",0
353292,0,0,0,155148659,108292,108292,999999,999999,"BN,RR,U2,Z1,DF,P,BR,OS,FB",0
445405,0,0,0,18444183,18444183,18444183,999999,999999,"U2,RR,P,Z1,C,L0,RQ",0
476737,0,0,0,133732577,133732577,133732577,999999,999999,"RR,P,C,Z1,U2,BR",0
478043,0,0,0,86381017968,86381017968,86381017968,999999,999999,"RR,V2,C,U2,P,Z1,BR",0
490920,0,0,0,2273957434,2273957434,2273957434,999999,999999,"RR,C,P,Z1,BR,EF",0
515218,0,0,0,134813243,134813243,134813243,999999,999999,"RR,Z1,C,BR,Y,Z2,U2,FB,P,EF",0
528320,0,0,0,2046923435,18647420,18647420,999999,999999,"RR,Z1,RQ,Z2,GB,U2,Y,WK,P,L0",0
566834,0,0,0,109140990,109140990,109140990,999999,999999,"RR,Z1,P,V2,U2,DN,EF,RQ",0
642724,0,0,0,134020245252,101898934203,101898934203,999999,999999,"RR,RQ,Z1,Z2,GB,Y,C,P,L2,EF",0
671874,0,0,0,122365200282,122365200282,122365200282,999999,999999,"GB,U2,RR,C,V2,WK,P,Z1,Z2,Y,BR,RQ",0
696947,0,0,0,134403717851,134403717851,134403717851,999999,999999,"RR,P,Z1,WK,C,BR,L2",0
714379,0,0,0,780393925,780393925,780393925,999999,999999,"GB,BN,Z1,RR,P,RQ,C,Z2,Y,BR",0
721917,0,0,0,16593972057,16593972057,16593972057,999999,999999,"GB,RR,U2,Z1,RQ,P,BR,C,Y,EF",0
743779,0,0,0,92945187,92945187,92945187,999999,999999,"BN,Z1,RR,WK,BR,FB,P,RQ,L2,GB,EF",0
742795,0,0,0,133910871794,133910871794,133910871794,999999,999999,"GB,RR,C,Z1,P,Y,Z2,WK,FB,BR,L2,EF",0
819653,0,0,0,133904793514,133836594503,133836594503,999999,999999,"RR,U2,Z1,C,V2,P,WK,BR",0
1736800,0,0,0,89968622191,89968622191,89968622191,999999,999999,"GB,RR,P,Z1,Y,IN",0
1345077,0,0,0,139039042,139039042,139039042,999999,999999,"GB,RR,AR,P,Z1,C,U2,Y,Z2,V2,EF",0
322806,0,0,0,113892496224,113892496224,113892496224,999999,999999,"WK,RR,C,Z1,P,V2,BR,RQ",0
991404,0,0,0,119520533252,119520533252,119520533252,999999,999999,"RR,Z1,C,GB,V2,P,U2,Y,RQ,BR,FB",0
2297148,0,0,0,77817842268,77817842268,77817842268,999999,999999,"WK,Z1,P,RR,IA",0
1386857,0,0,0,130337489,130337489,130337489,999999,999999,"RR,C,V2,Z1,P,BR,DN,FB",0
3105617,0,0,0,965881634,965881634,965881634,999999,999999,"V2,RR,U2,WK,C,Z1,P,RQ,Y,BR,FB",0
1892582,0,0,0,106363890,106363890,106363890,999999,999999,"Z1,C,Y,P,U2,RR,L2,BR,RQ",0
302008,0,0,0,98214334,98214334,98214334,999999,999999,"RR,C,RQ,P,Z1,U2,BR,FB,EF",0
2070224,0,0,0,47023960,47023960,47023960,999999,999999,"U2,RR,P,WK,C,L2,Z1,DN,EF",0
3090801,0,0,0,369653582,369653582,369653582,999999,999999,"GB,RR,C,Z1,Y,P,Z2",0
2672087,0,0,0,138807497109,138807497109,138807497109,999999,999999,"GB,RR,V2,U2,Y,Z2,C,P,Z1,BR,RQ",0
840637,0,0,0,137089619818,137089619818,137089619818,999999,999999,"Z1,U2,RR,P,C,WK,BR,DN,FB",0
1631573,0,0,0,24768998,2429474,2429474,999999,999999,"C#,U2,GB,RR,Z1,BN,L2,OS,Z2,P,AR,BR,FB,Y",0
1245268,0,0,0,174915827,174915827,174915827,999999,999999,"RR,WK,Z1,C,U2,P,BR",0
2398626,0,0,0,87381238,87381238,87381238,999999,999999,"RR,Z1,C,RQ,P,U2",0
909997,0,0,0,86413771934,86413771934,86413771934,999999,999999,"RR,C,P,Z1,BR",0
2144895,0,0,0,77204207473,77204207473,77204207473,999999,999999,"RR,WK,Z1,C,PL,P,BR",0
738576,0,0,0,1098213370,1098213370,1098213370,999999,999999,"RR,I,C,BR,P,Z1,U2,C#,RQ",0
2178411,0,0,0,113904353908,113904353908,113904353908,999999,999999,"BN,L2,RR,U2,C,V2,P,Z1,BR,FB",0
934147,0,0,0,7932738595,7932738595,7932738595,999999,999999,"RR,P,C,BN,Z1,GB,RQ,Y,U2,WK,Z2",0
207216,0,0,0,2081639736,2081639736,2081639736,999999,999999,"P,RR,BN,C,U2,Z1,WK,BR,FB,OS",0
1298114,0,0,0,75282398204,34452201,34452201,999999,999999,"RR,P,Z1,RQ,Y,PL,C,IN,DN",0
1149180,0,0,0,63910670,63910670,63910670,999999,999999,"DN,RR,V2,C,Z1,BR,P,FB,EF",0
821499,0,0,0,18356112,18356112,18356112,999999,999999,"RR,P,Z1,C,C#,BR,FB",0
1807618,0,0,0,114768421,114768421,114768421,999999,999999,"RR,BN,C,Z1,U2,GB,V2,P,BR,FB,RQ,Z2",0
2741048,0,0,0,79169810,79169810,79169810,999999,999999,"RR,P,V2,C,Z1,U2,PL",0
2692243,0,0,0,122263678652,122263678652,122263678652,999999,999999,"RR,WK,Z1,U2,P,C,BR,RQ",0
14411,0,0,0,58559722,58559722,58559722,999999,999999,"C,RR,Z1,U2,BR,P",0
177498,0,0,0,142337741,142337741,142337741,999999,999999,"RR,U2,Z1,BR,FB,P,EF,RQ,Z2",0
179651,0,0,0,147271022,147271022,147271022,999999,999999,"GB,RR,Z1,C,P,Y,U2,BR",0
182262,0,0,0,97006154049,97006154049,97006154049,999999,999999,"RR,C,Z1,P,BR",0
273368,0,0,0,122003741847,122003741847,122003741847,999999,999999,"RR,U2,P,C,Z1,EF",0
373148,0,0,0,92448411589,92448411589,92448411589,999999,999999,"RR,U2,Z1,P,BR,C,RQ",0
417752,0,0,0,151081281,151081281,151081281,999999,999999,"RR,Z1,P,BR,FB,RQ",0
591961,0,0,0,21936226,21936226,21936226,999999,999999,"V2,Z1,RR,C,BR,P,RQ",0
628608,0,0,0,75057346,75057346,75057346,999999,999999,"RR,Z1,C,P",0
635132,0,0,0,44629010190,44629010190,44629010190,999999,999999,"RR,P,V2,WK,C,Z1,U2,BR,RQ",0
816408,0,0,0,681627573,681627573,681627573,999999,999999,"RR,Z1,C,P",0
944224,0,0,0,74361789,74361789,74361789,999999,999999,"RR,C,Z1,P,WK,L2,V2,BR,FB,EF",0
728933,0,0,0,64352589,64352589,64352589,999999,999999,"RR,P,C,Z1,V2,WK,BR,FB",0
1286650,0,0,0,28441896,28441896,28441896,999999,999999,"U2,RR,GB,BN,V2,WK,RQ,C,Z2,Z1,DN,P,Y,EF",0
1419322,0,0,0,102186501368,102186501368,102186501368,999999,999999,"Z1,C,RR,P,BR,RQ",0
1429673,0,0,0,280562568,280562568,280562568,999999,999999,"RR,Z1,U2,C,BR,RQ,GB,Y,P,FB,L2,Z2",0
1546585,0,0,0,112654431,112654431,112654431,999999,999999,"RR,Z1,BR,C,P,FB,EF",0
1566366,0,0,0,22566605,22566605,22566605,999999,999999,"BN,RR,U2,Z1,P,BR,C,FB,L2",0
1584978,0,0,0,134575779154,134575779154,134575779154,999999,999999,"PL,RR,DA,U2,Z1,C,P,FB,BR,RQ",0
1692889,0,0,0,42263495,42263495,42263495,999999,999999,"P,Z1,WK,RR,EF,RQ",0
1769957,0,0,0,615113015,615113015,615113015,999999,999999,"U2,RR,Z1,P,WK,L2,EF,RQ",0
2074413,0,0,0,70749917,70749917,70749917,999999,999999,"WK,RR,GB,C,RQ,Z1,U2,L2,Z2,DN,FB,Y,P,PL,BR,EF",0
2242565,0,0,0,123499236,123499236,123499236,999999,999999,"GB,BN,RR,Z1,V2,WK,U2,C,RQ,Y,Z2,L2,DN,IA,P,EF",0
2330547,0,0,0,1116316300,1116316300,1116316300,999999,999999,"RR,C,Z1,BR,FB,P",0
2367613,0,0,0,86367761941,86367761941,86367761941,999999,999999,"RR,U2,P,Z1,C",0
2490528,0,0,0,392631248,392631248,392631248,999999,999999,"RR,C,P,Z1,V2,U2,EF,L0,RQ",0
2593013,0,0,0,144926717,144926717,144926717,999999,999999,"V2,L2,Z1,U2,RR,P,RQ",0
2715664,0,0,0,118865400847,118865400847,118865400847,999999,999999,"U2,RR,P,C,Z1,BR",0
2795113,0,0,0,101864680967,101864680967,101864680967,999999,999999,"RR,Z1,C,FB,BR,P,RQ",0
2910727,0,0,0,135860614753,135860614753,135860614753,999999,999999,"BN,RR,WK,P,Z1,C,U2,BR",0
3033226,0,0,0,134449747090,134449747090,134449747090,999999,999999,"RR,C,P,Z1,BR",0
3045173,0,0,0,159268079,159268079,159268079,999999,999999,"WK,Z1,C,RR,BR,FB,P,RQ",0
3045548,0,0,0,135369647360,135369647360,135369647360,999999,999999,"RR,P,Z1,C",0
3087037,0,0,0,73900470,73900470,73900470,999999,999999,"BN,Z1,RR,P",0
1240337,0,0,0,128510426973,128510426973,128510426973,999999,999999,"GB,BN,RR,C,U2,P,Z1,Y,Z2,BR,FB,RQ",0
291057,0,0,0,50615867844,50615867844,50615867844,999999,999999,"RR,C,Z1,P,U2,V2,WK",0
540904,0,0,0,47429025606,47429025606,47429025606,999999,999999,"RR,Z1,P,C,BR,RQ",0
656609,0,0,0,28021224,28021224,28021224,999999,999999,"RR,Z1,P,RQ,C,U2,EF",0
1684396,0,0,0,669946629,669946629,669946629,999999,999999,"RR,C,P,Z1,BR,L2,IA,RQ",0
1699454,0,0,0,649475869,649475869,649475869,999999,999999,"Z1,P,WK,RR,C,BR,FB",0
1712654,0,0,0,162680946,162680946,162680946,999999,999999,"RR,C,Z1,P,Y,DA,EF",0
1735582,0,0,0,127403572,127403572,127403572,999999,999999,"GB,RR,BN,Z1,WK,C,V2,RQ,Y,P,Z2,DN,DF,IA,BR,L2,EF",0
1786700,0,0,0,58647750470,58647750470,58647750470,999999,999999,"Z1,RR,P,RQ",0
1790474,0,0,0,160720927,160720927,160720927,999999,999999,"DN,C,RR,U2,Z1,P,EF",0
1804570,0,0,0,177944044,177944044,177944044,999999,999999,"GB,RR,C,WK,BR,P,RQ,Z1,Y,Z2",0
1821880,0,0,0,59815058266,59815058266,59815058266,999999,999999,"GB,Z1,RR,U2,C,WK,V2,P,RQ,Y,Z2",0
1843097,0,0,0,70560391,70560391,70560391,999999,999999,"RR,Z1,IN,P,DN,BR,GB,Y,EF,Z2",0
1851865,0,0,0,56743557,56743557,56743557,999999,999999,"GB,WK,RR,C,U2,P,RQ,Z1,Y,Z2,BR",0
1899737,0,0,0,162939410,162939410,162939410,999999,999999,"DN,RR,C,P,Z1,GB,BR,EF",0
1915317,0,0,0,134253247846,134253247846,134253247846,999999,999999,"GB,RR,P,U2,Z1,Y,Z2,C",0
1914389,0,0,0,110502451,110502451,110502451,999999,999999,"GB,RR,Z1,BN,P,V2,WK,RQ,U2,C,Y,Z2,IA,EF,FB",0
1933703,0,0,0,306771995,306771995,306771995,999999,999999,"U2,BN,PL,C,RR,Z1,WK,P,BR,L2,FB,EF",0
1947550,0,0,0,101789315750,101789315750,101789315750,999999,999999,"GB,RR,Z1,C,P,Z2,Y,U2,BR,L2,RQ",0
1977375,0,0,0,963438676,963438676,963438676,999999,999999,"Z1,RR,C,IN,P,DN,BR,RQ",0
1998940,0,0,0,37429873,37429873,37429873,999999,999999,"DN,RR,C,P,Z1,U2,PL,EF",0
2033198,0,0,0,133418785639,133418785639,133418785639,999999,999999,"RR,C,Z1,P,U2,BR,RQ",0
2054934,0,0,0,66498529,66498529,66498529,999999,999999,"GB,RR,Z1,P,U2,RQ,Y,Z2,DN,IN,C,WK,BR,FB,L2,EF",0
2070929,0,0,0,19182653644,77496281,77496281,999999,999999,"RR,P,U2,Z1,BR,FB,OS",0
2087230,0,0,0,175171681,175171681,175171681,999999,999999,"RR,C,U2,Z1,P,V2,EF",0
2127155,0,0,0,12232694113,12232694113,12232694113,999999,999999,"RR,C,P,Z1,U2,BR",0
2159825,0,0,0,16103699,16103699,16103699,999999,999999,"RR,U2,P,Z1,L2,C",0
2162617,0,0,0,814569,814569,814569,999999,999999,"RR,P,Z2,Z1,WK,U2,RQ",0
2159886,0,0,0,209291096,209291096,209291096,999999,999999,"RR,C,Z1,P,U2",0
2176885,0,0,0,132915362,132915362,132915362,999999,999999,"Z1,RR,C,U2,P,DN,BR,FB,EF",0
2201286,0,0,0,97853694667,97853694667,97853694667,999999,999999,"V2,RR,P,C,Z1,BR",0
2204517,0,0,0,15388890,15388890,15388890,999999,999999,"RR,C,P,Z1,BR,FB",0
2250164,0,0,0,1454875606,1454875606,1454875606,999999,999999,"RR,V2,WK,U2,C,Z1,P,BR,RQ",0
2250260,0,0,0,18198953,18198953,18198953,999999,999999,"GB,Z1,RR,RQ,Y,Z2,U2,P,OS,DN,C,L2,I",0
2263066,0,0,0,73715261,73715261,73715261,999999,999999,"RR,P,Z1,C,WK,L2,U2,GB,IA,BR,FB,RQ,Z2",0
2286496,0,0,0,133615651940,133615651940,133615651940,999999,999999,"P,RR,C,FB,U2,Z1,BR",0
2312859,0,0,0,65231134,65231134,65231134,999999,999999,"P,RR,Z1,C,WK,FB,BR,EF",0
1592752,0,0,0,134200745326,134200745326,134200745326,999999,999999,"GB,RR,Z1,V2,C,BN,U2,Y,Z2,P,BR,RQ",0
1762573,0,0,0,65909776,65909776,65909776,999999,999999,"RR,IN,Z1,U2,C,P,DN,EF,RQ",0
2189864,0,0,0,135861972884,135861972884,135861972884,999999,999999,"GB,RR,WK,C,Z1,P,Y,Z2,EF",0
1582125,0,0,0,3845559162,3845559162,3845559162,999999,999999,"RR,WK,Z1,U2,P,V2,RQ",0
2121940,0,0,0,134403922358,134403922358,134403922358,999999,999999,"RR,Z1,C,P,BR,RQ",0
721064,0,0,0,11415105,11415105,11415105,999999,999999,"GB,Z1,Y,RR,RQ,V2,WK,P,U2,Z2,EF",0
38444,0,0,0,136158248597,136158248597,136158248597,999999,999999,"RR,P,U2,Z1,C,BR,RQ",0
71737,0,0,0,1068411982,1068411982,1068411982,999999,999999,"RR,C,P,Z1,BR",0
2399352,0,0,0,101813334826,101813334826,101813334826,999999,999999,"Z1,RR,U2,V2,P,C,RQ",0
2440598,0,0,0,182972218,182972218,182972218,999999,999999,"RR,C,P,U2,Z1,L2,BR,FB,EF,RQ",0
2519194,0,0,0,68271875692,68271875692,68271875692,999999,999999,"WK,Z1,RR,P",0
2523212,0,0,0,67884689,67884689,67884689,999999,999999,"RR,P,Z1,C,BR,FB,EF",0
2567240,0,0,0,157884566,157884566,157884566,999999,999999,"RR,C,P,Z1,V2,BR",0
2578884,0,0,0,133856913523,133856913523,133856913523,999999,999999,"RR,U2,Z1,C,P,BR",0
2609441,0,0,0,97105851649,97105851649,97105851649,999999,999999,"RR,Z1,P,U2,WK,BR,C,RQ",0
2642289,0,0,0,57918372,57918372,57918372,999999,999999,"RR,Z1,P,C,L2,BR,FB,RQ",0
2657567,0,0,0,152505198,152505198,152505198,999999,999999,"P,Z1,RR,BR,U2,L2,RQ",0
2676823,0,0,0,1019530360,1019530360,1019530360,999999,999999,"RR,IN,BR,U2,P,Z1,DN,C,WK,EF,RQ",0
2678383,0,0,0,97916994701,97916994701,97916994701,999999,999999,"RR,Z1,BN,U2,C,Y,WK,BR,P",0
2686123,0,0,0,235202468,235202468,235202468,999999,999999,"RR,C,U2,Z1,P,EF",0
2693259,0,0,0,113173266,113173266,113173266,999999,999999,"Z1,RR,U2,P,V2,BR,AR,FB,EF",0
2744841,0,0,0,135860148055,135860148055,135860148055,999999,999999,"WK,C,Z1,P,RR,BR,RQ",0
2754725,0,0,0,23172101,23172101,23172101,999999,999999,"RR,V2,C,Z1,P,BR",0
2843215,0,0,0,134446336592,134446336592,134446336592,999999,999999,"RR,V2,C,U2,Z1,P,BR",0
2857547,0,0,0,82578153,82578153,82578153,999999,999999,"RR,Z1,V2,C,P,U2,BA",0
2873051,0,0,0,11585588,11585588,11585588,999999,999999,"RR,C,Z1,P",0
2960903,0,0,0,27928128,27928128,27928128,999999,999999,"RR,DN,C,P,Z1,BR,EF,RQ",0
2992999,0,0,0,77029952670,77029952670,77029952670,999999,999999,"RR,Z1,C,P,BR,RQ",0
3067911,0,0,0,639806582,639806582,639806582,999999,999999,"RR,C,U2,P,Z1",0
2338674,0,0,0,123456591,123456591,123456591,999999,999999,"P,C,RR,U2,Z1,BR,IA,GB,RQ",0
885950,0,0,0,128458232573,128458232573,128458232573,999999,999999,"RR,WK,V2,C,P,Z1,RQ,U2,Z2,GB",0
943510,0,0,0,64505965,64505965,64505965,999999,999999,"RR,U2,P,Z1,BR,FB",0
943483,0,0,0,59849489,59849489,59849489,999999,999999,"RR,C,Z1,P,U2,BR,FB,RQ",0
946631,0,0,0,133787822355,133787822355,133787822355,999999,999999,"RR,Z1,WK,U2,P,BR,RQ",0
946174,0,0,0,88651985,88651985,88651985,999999,999999,"RR,C,P,Z1,BR,FB",0
1029358,0,0,0,10284621,10284621,10284621,999999,999999,"GB,BN,RR,V2,WK,Z1,U2,RQ,Y,Z2,IA,DN,P,I,C,L2,EF",0
1068845,0,0,0,77927921,77927921,77927921,999999,999999,"GB,RR,Z1,Y,RQ,P,IA,EF,L0",0
1105267,0,0,0,137359978838,137359978838,137359978838,999999,999999,"GB,RR,C,Z1,P,Y,Z2,BR,EF",0
1115116,0,0,0,143727251,143727251,143727251,999999,999999,"RR,C,Z1,P,BR",0
1136719,0,0,0,107410591,107410591,107410591,999999,999999,"GB,RR,Z1,U2,C,C#,FB,BR,P,FT,L2",0
1151016,0,0,0,135129606132,79725696674,79725696674,999999,999999,"RR,C,P,Z1,BR,RQ",0
1162307,0,0,0,765177945,765177945,765177945,999999,999999,"P,RR,Z1,C,V2,GB,RQ",0
1172782,0,0,0,97921547078,97921547078,97921547078,999999,999999,"U2,RR,WK,Z1,V2,DN,C,P,PL,BR,EF,RQ",0
1203852,0,0,0,18444183,18444183,18444183,999999,999999,"U2,RR,P,Z1,C,L0,RQ",0
1208210,0,0,0,124243620,124243620,124243620,999999,999999,"GB,RR,Z1,Z2,C,U2,RQ,OS,IA,P,V2,DN,I,L2,DF",0
1261026,0,0,0,134200731300,134200731300,134200731300,999999,999999,"RR,P,C,V2,Z1,FB,BR,U2",0
1265943,0,0,0,218280563,218280563,218280563,999999,999999,"U2,RR,V2,C,P,Z1,BR,DN,EF,RQ",0
1268406,0,0,0,91386598,91386598,91386598,999999,999999,"U2,RR,DN,BN,WK,Z1,DF,V2,RQ,P,Y,Z2,OS,GB,EF",0
1392905,0,0,0,999282196,999282196,999282196,999999,999999,"RR,Z1,DN,U2,C,P,EF",0
1394902,0,0,0,78980503,78980503,78980503,999999,999999,"RR,C,P,Z1,BR,L2",0
1415990,0,0,0,4001757,4001757,4001757,999999,999999,"Z1,C,RR,U2,P,V2,C#,RQ",0
1421779,0,0,0,161352245,161352245,161352245,999999,999999,"GB,RR,Z1,RQ,Y,Z2,U2,WK,DN,P,IA,L2,EF",0
1421152,0,0,0,134890055,134890055,134890055,999999,999999,"GB,BN,RR,C,Z1,RQ,P,Y,DN,Z2,IA,PL,BR,EF",0
1435032,0,0,0,133793000641,133793000641,133793000641,999999,999999,"GB,U2,RR,RQ,WK,C,Z1,Y,Z2,BR,P",0
1440811,0,0,0,38151243400,38151243400,38151243400,999999,999999,"GB,RR,RQ,C,P,Z1,Y,Z2",0
1448961,0,0,0,135176122192,135176122192,135176122192,999999,999999,"U2,P,Y,RR,C,Z1,WK,BR",0
802319,0,0,0,102225559,102225559,102225559,999999,999999,"RR,C,P,Z1,WK,V2,U2,RQ",0
810167,0,0,0,11362612,2782443,2782443,999999,999999,"GB,U2,RR,Z1,L2,BN,P,FB,Z2,OS,BR,Y",0
814794,0,0,0,63026681,63026681,63026681,999999,999999,"RR,WK,Z1,P,V2,U2,BR,FB,RQ",0
836344,0,0,0,126739102,126739102,126739102,999999,999999,"RR,U2,C,WK,P,Z1,BR,FB,EF",0
838131,0,0,0,25117693,25117693,25117693,999999,999999,"RR,Z1,U2,DN,RQ,C,IA,P,GB,I,L2,EF,Z2",0
850095,0,0,0,121998359882,121998359882,121998359882,999999,999999,"RR,C,V2,Z1,FB,BR,P",0
859003,0,0,0,16289250,16289250,16289250,999999,999999,"RR,P,C,U2,Z1,RQ",0
862132,0,0,0,86688000260,86688000260,86688000260,999999,999999,"RR,U2,P,C,Z1,BR,RQ",0
102682,0,0,0,195545065,195545065,195545065,999999,999999,"Z1,RR,P,C",0
103186,0,0,0,113878279461,113878279461,113878279461,999999,999999,"RR,P,U2,C,V2,Z1,BR,RQ",0
131198,0,0,0,937377194,937377194,937377194,999999,999999,"RR,C,Z1,P",0
147740,0,0,0,654371364,654371364,654371364,999999,999999,"RR,C,L2,P,Z1,U2,BR",0
211819,0,0,0,133410636706,133410636706,133410636706,999999,999999,"RR,BN,V2,C,U2,P,Z1,BR,RQ",0
249505,0,0,0,93879797434,93879797434,93879797434,999999,999999,"RR,C,Z1,P,PL,BR,EF",0
268924,0,0,0,204896823,501133,501133,999999,999999,"RR,Z1,P,GB,Z2,Y",0
299120,0,0,0,111872788,111872788,111872788,999999,999999,"U2,GB,RR,Z1,V2,C,WK,OS,RQ,P,Y,Z2,L2,BR,I,DF,DN,EF",0
292074,0,0,0,78234168,78234168,78234168,999999,999999,"RR,C,V2,Z1,P,U2,BR,FB,L2,EF",0
298797,0,0,0,64008457,64008457,64008457,999999,999999,"RR,C,P,Z1,BR,FB",0
339687,0,0,0,90630105,90630105,90630105,999999,999999,"P,RR,Z1,C,BR,FB,EF,RQ",0
348875,0,0,0,966875704,966875704,966875704,999999,999999,"RR,V2,C,P,Z1,BR,EF",0
420996,0,0,0,1369137125,1369137125,1369137125,999999,999999,"RR,WK,V2,U2,P,Z1,BR,FB,EF,RQ",0
437944,0,0,0,135863396823,135863396823,135863396823,999999,999999,"V2,C,RR,Z1,P",0
469611,0,0,0,1162685842,1162685842,1162685842,999999,999999,"RR,C,P,Z1,BR",0
543467,0,0,0,20506093,20506093,20506093,999999,999999,"C#,RR,Z1,FB,Y,RQ,Z2,GB,BR,P,IA,FT,L2",0
631012,0,0,0,134065798997,134065798997,134065798997,999999,999999,"P,Z1,RR",0
707698,0,0,0,119685021267,119685021267,119685021267,999999,999999,"RR,C,Z1,P,BR,RQ",0
779175,0,0,0,67363803,67363803,67363803,999999,999999,"RR,Z1,U2,C,P,BR,FB",0
873495,0,0,0,131411449,131411449,131411449,999999,999999,"RR,Z1,C,U2,BR,P,C#,FB",0
907329,0,0,0,104492084,104492084,104492084,999999,999999,"RR,C,P,Z1,Z2,Y",0
911760,0,0,0,2279430065,2279430065,2279430065,999999,999999,"Z1,RR,P,V2,U2,RQ,WK,BR",0
912506,0,0,0,77408710,4839689,4839689,999999,999999,"U2,Z1,P,RR,EF,RQ",0
932926,0,0,0,134330581586,134330581586,134330581586,999999,999999,"GB,RR,IN,WK,U2,V2,Z1,Y,P",0
948679,0,0,0,24905031,24905031,24905031,999999,999999,"U2,RR,Z1,P",0
961612,0,0,0,101388977,101388977,101388977,999999,999999,"RR,V2,Z1,P,C,BR,FB,EF",0
1052697,0,0,0,27780490,27780490,27780490,999999,999999,"Z1,C,WK,RR,L2,GB,U2,V2,IA,TX,P,FT,DN,BR,FB,EF",0
1242276,0,0,0,113986318,113986318,113986318,999999,999999,"RR,C,P,Z1,V2",0
1281484,0,0,0,126757806,126757806,126757806,999999,999999,"Z1,RR,U2,P,GB,DN,L2,I",0
1309490,0,0,0,205761813,205761813,205761813,999999,999999,"WK,RR,C,P,Z1,BR,EF",0
1311375,0,0,0,134028254311,134028254311,134028254311,999999,999999,"GB,RR,U2,P,Z1,Y,RQ,Z2,BR,C",0
1312999,0,0,0,807393852,807393852,807393852,999999,999999,"GB,RR,C,U2,P,Z1,RQ,Y,Z2",0
1365820,0,0,0,90310800,90310800,90310800,999999,999999,"P,RR,C,Z1,BR,L2,EF",0
1389555,0,0,0,134771202055,134771202055,134771202055,999999,999999,"P,RR,Z1,C,BR",0
1406208,0,0,0,115292437,115292437,115292437,999999,999999,"Z1,RR,L2,P,C",0
1437577,0,0,0,120673140,120673140,120673140,999999,999999,"C#,RR,C,BR,Z1,P,U2,FB",0
1435893,0,0,0,1002008,1002008,1002008,999999,999999,"RR,P,Z1,U2,L2,BR,FB,C,EF",0
1462273,0,0,0,58472325,58472325,58472325,999999,999999,"Z1,RR,C,BR,L2,V2,U2,P,EF",0
1474351,0,0,0,50615758221,50615758221,50615758221,999999,999999,"GB,RR,V2,U2,WK,C,P,Z1,Y,FB,BR,RQ",0
1535459,0,0,0,936631869,936631869,936631869,999999,999999,"RR,C,Z1,P,FB,BR,RQ",0
1553017,0,0,0,114231244,114231244,114231244,999999,999999,"RR,WK,U2,Z1,BR,P,EF,L0",0
1573355,0,0,0,1126062819,1126062819,1126062819,999999,999999,"RR,C,WK,Z1,P,BR,FB,V2,EF",0
1576289,0,0,0,149610903,149610903,149610903,999999,999999,"Z1,RR,V2,BR,FB,P",0
542342,0,0,0,89035535,89035535,89035535,999999,999999,"RR,WK,C,Z1,BR,IA,P,FB,EF,RQ",0
802661,0,0,0,135151731487,135151731487,135151731487,999999,999999,"RR,C,P,Z1",0
973316,0,0,0,54707501,18700374,18700374,999999,999999,"RR,Y,U2,C,Z1,P,L2,BR,L0,RQ",0
1107053,0,0,0,657404320,657404320,657404320,999999,999999,"RR,C,WK,U2,P,Z1,BR",0
1042671,0,0,0,138379072262,138379072262,138379072262,999999,999999,"RR,P,Z1,TX,U2,BR",0
1506243,0,0,0,2051456,2051456,2051456,999999,999999,"V2,DN,C,RR,P,Z1,IA,BR,EF",0
739686,0,0,0,3729509,3729509,3729509,999999,999999,"RR,C,P,Z1,U2",0
699065,0,0,0,23039616,23039616,23039616,999999,999999,"C,P,RR,Z1,BR",0
1270834,0,0,0,700506123,700506123,700506123,999999,999999,"RR,Z1,C,BR,P,EF",0
550786,0,0,0,53561040,53561040,53561040,999999,999999,"GB,RR,TX,Z1,C,P,RQ,Y,Z2,U2,V2,BR,FB,EF",0
1169206,0,0,0,137195718625,137195718625,137195718625,999999,999999,"RR,Z1,V2,U2,P,Z2",0
1110807,0,0,0,13159227,13159227,13159227,999999,999999,"RR,Z1,P,Z2,GB,C",0
2664095,0,0,0,4401376312,4401376312,4401376312,999999,999999,"RR,P,Z1,U2,C,EF",0
1673375,0,0,0,151309289,151309289,151309289,999999,999999,"RR,P,C,Z1,BR,FB",0
58511,0,0,0,405317292,405317292,405317292,999999,999999,"RR,Z1,C,P,BR,FB",0
491026,0,0,0,328847749,328847749,328847749,999999,999999,"RR,Z1,C,WK,P,Y",0
2965566,0,0,0,94667854,94667854,94667854,999999,999999,"RR,C,Z1,U2,P,BR,FB,EF",0
2413036,0,0,0,95433325693,95433325693,95433325693,999999,999999,"P,RR,C,Z1,RQ",0
1100950,0,0,0,507384809,507384809,507384809,999999,999999,"RR,C,Z1,P,BR,FB,EF",0
258125,0,0,0,75277917,75277917,75277917,999999,999999,"Z1,RR,U2,C,P,DN,WK,PL,DA,V2,BR,EF,RQ",0
1589652,0,0,0,98951661,98951661,98951661,999999,999999,"RR,Z1,C,P,BR,FB",0
2939701,0,0,0,83459678,83459678,83459678,999999,999999,"RR,WK,Z1,P,C,U2,C#,BR,FB,L2",0
879600,0,0,0,614246429,614246429,614246429,999999,999999,"RR,C,RQ,P,Z1,BR,FB",0
2364177,0,0,0,135163201317,135163201317,135163201317,999999,999999,"RR,WK,V2,BN,C,PL,P,Z1,GB,Y,Z2,DN,RQ",0
245779,0,0,0,116317131826,116317131826,116317131826,999999,999999,"RR,V2,C,Z1,U2,P,RQ,BR,FB",0
1258160,0,0,0,1095516372,10979588,10979588,999999,999999,"DN,WK,V2,RR,Z1,P,GB,EF,RQ,Z2",0
1823087,0,0,0,36925469,36925469,36925469,999999,999999,"U2,Z1,WK,RR,OS,P,C,RQ,I,DN,BR,EF",0
1062617,0,0,0,14905033601,14905033601,14905033601,999999,999999,"BN,RR,C,P,Z1,BR",0
3121663,0,0,0,40290554,40290554,40290554,999999,999999,"GB,RR,WK,C,Z1,P,U2,RQ,Y,BR,FB,IA,EF",0
1028125,0,0,0,12210528,12210528,12210528,999999,999999,"BN,WK,P,Z1,RR,EF",0
1546032,0,0,0,153973126,153973126,153973126,999999,999999,"Z1,RR,P,C,RQ",0
81062,0,0,0,4757779087,4757779087,4757779087,999999,999999,"U2,RR,Z1,C,BR,P,RQ",0
282231,0,0,0,218041712,218041712,218041712,999999,999999,"RR,C,P,Z1,DN,TX,EF,RQ",0
462290,0,0,0,124092289,124092289,124092289,999999,999999,"C,Z1,RR,WK,P,U2,BR,FB,V2,EF",0
694933,0,0,0,137361120049,137361120049,137361120049,999999,999999,"C#,RR,Z1,U2,C,P",0
718750,0,0,0,136158289195,136158289195,136158289195,999999,999999,"RR,P,Z1,BR,C",0
734186,0,0,0,29084490,29084490,29084490,999999,999999,"RR,Z1,C,BR,FB,P,RQ",0
788465,0,0,0,137968016440,137968016440,137968016440,999999,999999,"GB,RR,Z1,U2,P,RQ,Y,BR,C,Z2",0
895142,0,0,0,119628003267,119628003267,119628003267,999999,999999,"RR,Z1,C,FB,BR,P",0
1039225,0,0,0,30572043673,30572043673,30572043673,999999,999999,"BN,RQ,P,RR,C,Z1,I,BR,DN",0
1135502,0,0,0,817787319,817787319,817787319,999999,999999,"RR,C,P,Z1,BR",0
1155254,0,0,0,133910802670,133910802670,133910802670,999999,999999,"RR,C,P,Z1,BR",0
1188885,0,0,0,19139272,19139272,19139272,999999,999999,"RR,Z1,C,BR,P,RQ",0
1277584,0,0,0,62562445543,62562445543,62562445543,999999,999999,"U2,RR,Z1,BR,P,BN,RQ,C",0
1505220,0,0,0,817681404,817681404,817681404,999999,999999,"RR,C,Z1,P,BR,FB",0
1512903,0,0,0,135363959898,135363959898,135363959898,999999,999999,"RR,C,P,Z1,BR",0
1536109,0,0,0,77732653,77732653,77732653,999999,999999,"U2,RR,P,C,Z1,EF",0
1382808,0,0,0,9229241,9229241,9229241,999999,999999,"U2,RR,C,Z1,DN,P,V2,I,L2,EF",0
1621737,0,0,0,126512689,126512689,126512689,999999,999999,"AR,P,RR,Z1,C,U2,L2,BR,DN,FB,EF,RQ",0
1702645,0,0,0,9255608,9255608,9255608,999999,999999,"RR,WK,V2,BM,C,U2,Z1,L2,P,RQ,PL,BR,EF",0
1734393,0,0,0,86650653,38743209,38743209,999999,999999,"RR,Z1,U2,C,P,GB,V2,EF,RQ",0
1839815,0,0,0,134538485929,134538485929,134538485929,999999,999999,"GB,BN,RR,WK,C,P,Y,Z1,Z2,BR,FB",0
1915314,0,0,0,134251701377,134251701377,134251701377,999999,999999,"GB,RR,BN,Z1,RQ,Y,Z2,BR,FB,P",0
2024959,0,0,0,61247911,61247911,61247911,999999,999999,"RR,C,Z1,P",0
2074111,0,0,0,41909285,41909285,41909285,999999,999999,"RR,C,Z1,GB,P,RQ",0
2150130,0,0,0,138421675808,138421675808,138421675808,999999,999999,"RR,U2,P,Z1,RQ",0
2264121,0,0,0,82516605,82516605,82516605,999999,999999,"WK,P,BN,RR,Z1,C,U2,L2,EF",0
2314046,0,0,0,139739285832,139739285832,139739285832,999999,999999,"GB,RR,Z1,P,BR,C,Y,Z2,RQ",0
2343571,0,0,0,4593399,4593399,4593399,999999,999999,"RR,Z1,DN,U2,C,FB,BR,L2,P,I,EF,RQ",0
2341507,0,0,0,904818924,904818924,904818924,999999,999999,"RR,C,U2,Z1,P,BR",0
2353833,0,0,0,74792505,74792505,74792505,999999,999999,"C#,RR,WK,Z1,C,U2,BR,P,GB,IA,FB,L2,RQ,Z2",0
2550169,0,0,0,155549639,155549639,155549639,999999,999999,"Z1,C,RR,P,PL,RQ",0
2649430,0,0,0,74936388692,74936388692,74936388692,999999,999999,"RR,P,C,Z1",0
2620274,0,0,0,93605013,93605013,93605013,999999,999999,"GB,RR,DA,Z1,IN,WK,V2,C,RQ,U2,Y,OS,I,Z2,DN,P,EF",0
2730086,0,0,0,15193417267,15193417267,15193417267,999999,999999,"BN,RR,V2,C,U2,P,Z1,FB,BR,EF",0
2689369,0,0,0,101715842,101715842,101715842,999999,999999,"RR,C,Z1,P,L2,BR,FB",0
3015359,0,0,0,65011791750,65011791750,65011791750,999999,999999,"RR,Z1,P,C,WK,Z2,BR,RQ",0
3119819,0,0,0,69907323,69907323,69907323,999999,999999,"RR,C,V2,Z1,WK,P",0
3120043,0,0,0,970240041,970240041,970240041,999999,999999,"RR,C,Z1,P",0
2657214,0,0,0,137687473235,137687473235,137687473235,999999,999999,"GB,RR,U2,WK,Z1,C,Z2,Y,P,BR",0
2328077,0,0,0,101169144,101169144,101169144,999999,999999,"RR,C,Z1,P,BR",0
2348993,0,0,0,103976061,103976061,103976061,999999,999999,"Z1,RR,U2,C,BA,DN,I,L2,P,EF,RQ",0
2352255,0,0,0,49292289,49292289,49292289,999999,999999,"RR,C,U2,Z1,P",0
934622,0,0,0,134446049743,134446049743,134446049743,999999,999999,"RR,C,P,Z1,BR,FB,EF",0
107496,0,0,0,40820754,40820754,40820754,999999,999999,"RR,Z1,C,C#,U2,P,BR,FB,FT,EF,RQ",0
133135,0,0,0,103225866360,103225866360,103225866360,999999,999999,"RR,C,Z1,WK,P,V2,BR,RQ",0
3091057,0,0,0,93101044,93101044,93101044,999999,999999,"Z1,RR,U2,PL,BR,FB,C,BA,P",0
6283,0,0,0,115625256,115625256,115625256,999999,999999,"RR,C,Z1,P,V2,U2,FB",0
80125,0,0,0,134207795,134207795,134207795,999999,999999,"C,RR,P,Z1,DN,BR,FB,L2,EF",0
84815,0,0,0,121680838,121680838,121680838,999999,999999,"RR,U2,WK,C,Z1,P,V2,BR,FB,L2,RQ",0
2398860,0,0,0,75363624,75363624,75363624,999999,999999,"RR,C,P,U2,Z1,BR,FB",0
2421792,0,0,0,99896172676,99896172676,99896172676,999999,999999,"RR,PL,WK,Z1,U2,C,BR,FB,P,L2",0
2427712,0,0,0,58444207448,58444207448,58444207448,999999,999999,"GB,RR,Z1,V2,L2,P,C,U2,Y,WK,BR,RQ",0
2427107,0,0,0,234081095,234081095,234081095,999999,999999,"RR,C,Z1,P,BR",0
2502479,0,0,0,99447258,99447258,99447258,999999,999999,"RR,C,Z1,P,BR",0
2564436,0,0,0,2096035235,2096035235,2096035235,999999,999999,"RR,Z1,U2,C,V2,WK,Y,BR,FB,P",0
2557267,0,0,0,95763638,95763638,95763638,999999,999999,"RR,U2,Z1,C,V2,P,GB,FB,EF",0
2578672,0,0,0,1046639878,1046639878,1046639878,999999,999999,"RR,C,Z1,U2,P,V2,EF",0
2582532,0,0,0,41225395,41225395,41225395,999999,999999,"RR,C,Z1,P,GB,FB,EF,RQ",0
2602365,0,0,0,52444798042,19566008,19566008,999999,999999,"RR,P,C,Z1,BR,RQ",0
2667013,0,0,0,3439843519,3439843519,3439843519,999999,999999,"RR,Z1,C,P,TX,BR,WK,FB,U2",0
2737882,0,0,0,14854809588,14854809588,14854809588,999999,999999,"RR,U2,Z1,V2,BR,WK,P,RQ",0
2757171,0,0,0,31636722,31636722,31636722,999999,999999,"GB,RR,C,U2,RQ,P,Z1,Y,Z2,FB,BR",0
2780022,0,0,0,29266088172,29266088172,29266088172,999999,999999,"RR,V2,C,P,Z1,BR",0
2779584,0,0,0,138317274886,138317274886,138317274886,999999,999999,"GB,RR,Z1,P,Y,BR,C",0
2792446,0,0,0,2480112,2480112,2480112,999999,999999,"U2,RR,Z1,DN,C,P,Z2,Y,GB,BR,EF",0
2792791,0,0,0,633627219,633627219,633627219,999999,999999,"GB,BN,Z1,RR,U2,C,P,Z2,BR,RQ,FB,Y",0
2798234,0,0,0,134022421324,134022421324,134022421324,999999,999999,"GB,Y,RR,Z1,WK,V2,U2,P,RQ",0
2832243,0,0,0,101815035228,101815035228,101815035228,999999,999999,"BM,WK,RR,V2,U2,Z1,L2,P,RQ",0
2872224,0,0,0,65090547,65090547,65090547,999999,999999,"RR,V2,Z1,P,L2,EF,RQ",0
2903337,0,0,0,99197681,99197681,99197681,999999,999999,"C,RR,Z1,P,BR,FB",0
2913328,0,0,0,28830219590,28830219590,28830219590,999999,999999,"RR,C,U2,P,Z1,L2",0
2917727,0,0,0,114997484,114997484,114997484,999999,999999,"WK,RR,U2,Z1,P,C,BR,RQ",0
2921158,0,0,0,67965157,67965157,67965157,999999,999999,"RR,DN,Z1,P,RQ,U2",0
2930602,0,0,0,113878279461,113878279461,113878279461,999999,999999,"RR,P,U2,C,V2,Z1,BR,RQ",0
2970452,0,0,0,127069526,127069526,127069526,999999,999999,"RR,U2,C,V2,Z1,P,BR,FB",0
3024567,0,0,0,8514199598,8514199598,8514199598,999999,999999,"RR,C,Z1,P,BR",0
3031467,0,0,0,73170008,73170008,73170008,999999,999999,"U2,V2,RR,C,Z1,L2,BR,DN,P,FB,EF",0
3087430,0,0,0,98029797467,98029797467,98029797467,999999,999999,"RR,C,P,U2,Z1,BR,L2",0
1660754,0,0,0,86384451553,86384451553,86384451553,999999,999999,"RR,C,Z1,P,U2,Y,Z2,WK,BR",0
1694577,0,0,0,135254251821,135254251821,135254251821,999999,999999,"BN,Z1,V2,RR,C,BR,P",0
1768155,0,0,0,137149680389,137149680389,137149680389,999999,999999,"RR,C,Z1,P,BR",0
1811233,0,0,0,92757102548,92757102548,92757102548,999999,999999,"RR,Z1,U2,P,Y,RQ,Z2,GB",0
1863684,0,0,0,1402038732,1402038732,1402038732,999999,999999,"RR,Z1,C,P,RQ",0
1882097,0,0,0,39262523,39262523,39262523,999999,999999,"Z1,U2,C,RR,P,WK,V2,L2,RQ",0
1904285,0,0,0,135652420615,135652420615,135652420615,999999,999999,"RR,C,BN,P,Z1",0
1926738,0,0,0,50619317027,50619317027,50619317027,999999,999999,"RR,Z1,C,U2,P,BR,RQ",0
1959098,0,0,0,100723341,100723341,100723341,999999,999999,"BN,C,RR,Z1,P,U2,RQ",0
1991381,0,0,0,134092911439,134092911439,134092911439,999999,999999,"GB,WK,RR,Z1,C,P,RQ,Y",0
1997219,0,0,0,78881625,78881625,78881625,999999,999999,"RR,C,Z1,P",0
2006693,0,0,0,24845055,24845055,24845055,999999,999999,"RR,Z1,C,U2,IA,GB,P,BR,FB,L2,EF",0
2024965,0,0,0,617027375,617027375,617027375,999999,999999,"RR,C,P,Z1,V2,RQ",0
2053597,0,0,0,1065616678,1065616678,1065616678,999999,999999,"RR,U2,P,L2,Z1,C",0
2115518,0,0,0,162469086,162469086,162469086,999999,999999,"PL,V2,RR,P,C,Z1,DN,WK,BR,U2,FB,EF,L0",0
2146407,0,0,0,2271739541,2271739541,2271739541,999999,999999,"Z1,P,RR,WK,BR,FB,RQ",0
2201749,0,0,0,123298202,123298202,123298202,999999,999999,"WK,RR,U2,Z1,C,P,DN,EF",0
2326069,0,0,0,938896730,938896730,938896730,999999,999999,"RR,C,Z1,P,BR,DA",0
839934,0,0,0,77164927496,77164927496,77164927496,999999,999999,"P,RR,U2,Z1,BR",0
841440,0,0,0,134149107581,134149107581,134149107581,999999,999999,"RR,BN,U2,P,Z1,BR,C,L2",0
846521,0,0,0,133856757472,133856757472,133856757472,999999,999999,"RR,Z1,U2,P,BR,RQ",0
862258,0,0,0,38949676,38949676,38949676,999999,999999,"Z1,RR,P,U2,BR,FB,C",0
130436,0,0,0,150720179,129074881,129074881,999999,999999,"U2,RR,DA,WK,Z1,PL,V2,C,DF,BR,L2,GB,RQ,P,Y,DN,FB,I,EF",0
159180,0,0,0,150290975,150290975,150290975,999999,999999,"RR,C,P,Z1,BR,L2,RQ",0
190384,0,0,0,50425699,50425699,50425699,999999,999999,"RR,P,Z1,C,BR,FB",0
289481,0,0,0,64596926,64596926,64596926,999999,999999,"RR,Z2,Y,C,U2,Z1,GB,P,C#,DN,L2,EF",0
358119,0,0,0,47545244,14034144,14034144,999999,999999,"GB,RR,Z1,BN,DF,U2,C,Y,RQ,OS,L2,BR,FB,P,Z2,I,WK,DN,EF",0
364228,0,0,0,14951856,14951856,14951856,999999,999999,"RR,C,P,Z1,WK,U2,BR,DN,V2,FB,EF",0
392454,0,0,0,650404976,650404976,650404976,999999,999999,"RR,C,Z1,P",0
405446,0,0,0,30178307,30178307,30178307,999999,999999,"GB,RR,C,WK,P,U2,Z1,V2,RQ,Z2,Y,DN,EF,L0",0
438776,0,0,0,3992437503,3992437503,3992437503,999999,999999,"Z1,U2,RR,C,FB,BR,P",0
443326,0,0,0,25381737,25381737,25381737,999999,999999,"RR,Z1,L2,U2,IA,GB,P,DN,OS,I,C,EF",0
510663,0,0,0,88459949,88459949,88459949,999999,999999,"RR,C,Z1,U2,P,RQ",0
512189,0,0,0,66464675,66464675,66464675,999999,999999,"RR,PL,C,P,Z1,WK,FB,L2,EF",0
529584,0,0,0,113876017805,113876017805,113876017805,999999,999999,"RR,Z1,C,P,FB,C#,BR,RQ",0
570784,0,0,0,7000137444,7000137444,7000137444,999999,999999,"C#,RR,Z1,P,FT,EF,RQ",0
575773,0,0,0,120015579937,120015579937,120015579937,999999,999999,"P,RR,V2,GB,Z1,U2,Z2,RQ",0
614857,0,0,0,1327852406,1327852406,1327852406,999999,999999,"RR,U2,Z1,P,L2,C,V2,FB,RQ",0
616606,0,0,0,136215175947,136215175947,136215175947,999999,999999,"WK,P,RR,Z1,V2,U2,C,BR,RQ",0
630559,0,0,0,62578347123,62578347123,62578347123,999999,999999,"GB,P,RR,C,Z1,U2,Z2,L2,Y,BR",0
674925,0,0,0,136530466836,136530466836,136530466836,999999,999999,"RR,U2,P,Z1,C,BR",0
682402,0,0,0,204896823,501133,501133,999999,999999,"RR,Z1,P,GB,Z2,Y",0
716360,0,0,0,65698158,65698158,65698158,999999,999999,"C#,P,RR,Z1,BR,FB,U2,C,RQ",0
720509,0,0,0,129291525,129291525,129291525,999999,999999,"BN,Z1,RR,C,P,U2,V2,EF,RQ",0
729867,0,0,0,1103210199,1103210199,1103210199,999999,999999,"RR,Z1,C,Y,P,U2,L2,C#,GB,EF",0
1659850,0,0,0,127187409,127187409,127187409,999999,999999,"RR,WK,Z1,P,C,L2,C#,U2,DN,EF,RQ",0
1703559,0,0,0,4339896,4339896,4339896,999999,999999,"U2,Z1,RR,WK,DN,PL,C,OS,BA,P,L2,GB,V2,I,RQ",0
1729368,0,0,0,64538785,64538785,64538785,999999,999999,"RR,WK,Z1,U2,C,P,BR,EF,L0",0
1734144,0,0,0,290478521,290478521,290478521,999999,999999,"RR,C,P,Z1,BR,FB",0
1773518,0,0,0,99872524365,99872524365,99872524365,999999,999999,"RR,C,P,U2,Z1,GB,Y,Z2,BR",0
1800755,0,0,0,137090318088,137090318088,137090318088,999999,999999,"RR,P,Z1,V2,U2,C,RQ",0
1839680,0,0,0,12480757,12480757,12480757,999999,999999,"V2,P,Z1,RR,RQ",0
1849389,0,0,0,140998785,140998785,140998785,999999,999999,"RR,C,Z1,P,V2",0
1858980,0,0,0,94842541,94842541,94842541,999999,999999,"RR,C,P,Z1,WK,U2,EF,RQ",0
1873547,0,0,0,137098022963,137098022963,137098022963,999999,999999,"P,RR,Z1,RQ",0
2063784,0,0,0,134538222577,134538222577,134538222577,999999,999999,"U2,RR,WK,V2,C,Z1,BR,P,RQ",0
2116431,0,0,0,135255084371,135255084371,135255084371,999999,999999,"U2,RR,Z1,C,P,BR,EF,RQ",0
2122924,0,0,0,108953494,108953494,108953494,999999,999999,"RR,C,Z1,WK,P,BR",0
2129529,0,0,0,125821080,125821080,125821080,999999,999999,"RR,Z1,P,BR,FB,EF,RQ",0
2140971,0,0,0,312335903,312335903,312335903,999999,999999,"RR,P,C,Z1,BR,FB",0
2163450,0,0,0,21252039,21252039,21252039,999999,999999,"RR,P,Y,Z1,RQ,Z2,C,WK,IA,GB,L2",0
2215960,0,0,0,310912699,310912699,310912699,999999,999999,"WK,RR,C,Z1,U2,P,BR,FB",0
2234595,0,0,0,125821080,125821080,125821080,999999,999999,"RR,Z1,P,BR,FB,EF,RQ",0
2245772,0,0,0,402640826,402640826,402640826,999999,999999,"RR,C,P,Z1,BR",0
2263181,0,0,0,828374879,828374879,828374879,999999,999999,"RR,C,Z1,P,Y,FB",0
2350899,0,0,0,56212041,56212041,56212041,999999,999999,"RR,C,I,Z1,U2,BR,L2,C#,P,FB,EF",0
2383719,0,0,0,481027212,481027212,481027212,999999,999999,"RR,Z1,C,P,IA,Z2,GB,U2,DN,RQ",0
2386313,0,0,0,8503911998,8503911998,8503911998,999999,999999,"C,RR,P,U2,Z1,BR",0
1765066,0,0,0,1516561633,1516561633,1516561633,999999,999999,"C,P,RR,Z1,BR",0
1641111,0,0,0,173354611,173354611,173354611,999999,999999,"DN,RR,C,P,Z1,BR,EF",0
2688795,0,0,0,126873242,126873242,126873242,999999,999999,"Z1,WK,P,RR,C,BR,FB,DN,L2",0
376608,0,0,0,3836027553,424631206,424631206,999999,999999,"WK,V2,P,Z1,RR,RQ",0
1142644,0,0,0,14784841191,1127887750,1127887750,999999,999999,"RR,Z1,P,C,BR,FB,EF,RQ",0
1870251,0,0,0,133280277676,133280277676,133280277676,999999,999999,"P,RR,C,Z1,BR,DN,RQ",0
595480,0,0,0,63717154,3668133,3668133,999999,999999,"RR,Z1,DF,Z2,U2,P,L2,C#,GB,PL,BR,FB,Y",0
3054996,0,0,0,77848772,77848772,77848772,999999,999999,"C,RR,P,Z1,U2,BR,FB",0
752359,0,0,0,212251112,212251112,212251112,999999,999999,"DN,RR,C,Z1,P,BR,EF",0
1569548,0,0,0,46177065,46177065,46177065,999999,999999,"RR,P,Z1,C,U2,WK,Y,L0,RQ",0
364387,0,0,0,290163520,290163520,290163520,999999,999999,"RR,C,P,Z1,EF",0
237636,0,0,0,193579288,193579288,193579288,999999,999999,"RR,C,Z1,P,Z2,U2,C#,RQ",0
2628901,0,0,0,137583463878,137583463878,137583463878,999999,999999,"GB,RR,P,Z1,Y,Z2,C,BR",0
2009912,0,0,0,238465981,238465981,238465981,999999,999999,"V2,C,RR,P,Z1,BR,FB,WK,EF,RQ",0
769029,0,0,0,130386249,130386249,130386249,999999,999999,"RR,C,Z1,P,WK,U2,Z2,L2,Y,BR",0
2529474,0,0,0,280234823,280234823,280234823,999999,999999,"RR,Z1,P,C,C#,EF",0
1805819,0,0,0,137404891832,137404891832,137404891832,999999,999999,"GB,RR,Z1,P,C,BR,Y,Z2",0
2663921,0,0,0,2210422276,2210422276,2210422276,999999,999999,"RR,C,P,Z1,BR",0
782645,0,0,0,41978072,41978072,41978072,999999,999999,"RR,C,Z1,P,C#,EF",0
1483331,0,0,0,86364751563,86364751563,86364751563,999999,999999,"RR,C,Z1,P,BR,RQ",0
2537526,0,0,0,149844851,149844851,149844851,999999,999999,"IN,C,RR,Z1,DN,P,GB,V2,EF",0
2421950,0,0,0,9353093,9353093,9353093,999999,999999,"RR,DN,C,Z1,L2,RQ,U2,WK,PL,P,GB,OS,I,V2,EF",0
2480227,0,0,0,133133117116,133133117116,133133117116,999999,999999,"RR,GB,P,Y,Z1,C",0
40059,0,0,0,28026783,28026783,28026783,999999,999999,"RR,C,Z1,DN,TX,P,V2,L2,U2,GB,IA,BR,EF",0
63239,0,0,0,135176040630,135176040630,135176040630,999999,999999,"RR,WK,Z1,P,BR,FB",0
3100617,0,0,0,29085698186,29085698186,29085698186,999999,999999,"RR,P,C,U2,Z1,GB,Z2,PL,BR",0
1465086,0,0,0,154818933,128904397,128904397,999999,999999,"GB,RR,Z1,BN,V2,U2,C,RQ,P,Y,WK,Z2,DF,C#,OS,BR,FB,DN,L2,EF",0
204245,0,0,0,168988490,168988490,168988490,999999,999999,"Z1,P,RR",0
587955,0,0,0,74771495,31449293,31449293,999999,999999,"C#,GB,RR,Z1,WK,P,BN,DF,C,RQ,Y,Z2,BR,FB,U2,L2,DN,FT,I,EF",0
702366,0,0,0,136109478548,136109478548,136109478548,999999,999999,"RR,C,P,Z1,BR",0
2280064,0,0,0,135610191,135610191,135610191,999999,999999,"RR,P,Z1,BR,RQ",0
2188119,0,0,0,19252403093,19252403093,19252403093,999999,999999,"RR,WK,Z1,V2,P,C,EF,RQ",0
2966970,0,0,0,101935851,101935851,101935851,999999,999999,"RR,IN,C,P,DN,Z1,BR,FB,EF,RQ",0
2266752,0,0,0,138515458920,138515458920,138515458920,999999,999999,"TX,C,Z1,RR,P,FB",0
2276,0,0,0,131496679,131496679,131496679,999999,999999,"RR,C,Z1,IN,Z2,DN,P,Y,BR,U2,FB,EF",0
130821,0,0,0,52475244,52475244,52475244,999999,999999,"RR,C,Z1,P,U2,BR,FB,L2,EF",0
432934,0,0,0,135726433939,135726433939,135726433939,999999,999999,"RR,C,Z1,P,BR",0
550613,0,0,0,30398783,30398783,30398783,999999,999999,"V2,Z1,RR,WK,P,EF",0
593389,0,0,0,2492525,2492525,2492525,999999,999999,"C,P,RR,Z1,DN,BR,EF",0
594723,0,0,0,151031850,151031850,151031850,999999,999999,"RR,C,P,Z1",0
806599,0,0,0,547364107,547364107,547364107,999999,999999,"V2,P,Z1,RR",0
997183,0,0,0,62572341143,62572341143,62572341143,999999,999999,"RR,C,Z1,U2,P,BR,RQ",0
1041284,0,0,0,40115815305,40115815305,40115815305,999999,999999,"RR,C,P,V2,Z1,BR",0
1163778,0,0,0,44536661791,44536661791,44536661791,999999,999999,"Z1,RR,C,P,BR,RQ",0
1172440,0,0,0,96895168,96895168,96895168,999999,999999,"P,RR,Z1,C,RQ",0
1422613,0,0,0,135726483017,135726483017,135726483017,999999,999999,"U2,RR,P,C,Z1,BR",0
1566389,0,0,0,24332120,24332120,24332120,999999,999999,"U2,WK,BN,C,V2,P,RR,Z1,EF",0
1679268,0,0,0,5681459,5681459,5681459,999999,999999,"PL,RR,Z1,C,BR,FB,P,RQ",0
1710061,0,0,0,77672974669,77672974669,77672974669,999999,999999,"RR,P,Z1",0
2042424,0,0,0,9665960,9665960,9665960,999999,999999,"RR,U2,P,Z1,C,BR,FB",0
2199149,0,0,0,137991988885,137991988885,137991988885,999999,999999,"BN,RR,WK,Z1,C,BR,P",0
2360718,0,0,0,137584383051,137584383051,137584383051,999999,999999,"RR,BN,Z1,C,BR,P",0
2528488,0,0,0,120059327,120059327,120059327,999999,999999,"RR,Z1,C,P,EF",0
2559318,0,0,0,9766721,9766721,9766721,999999,999999,"RR,C,Z1,BR,FB,P,RQ",0
2636572,0,0,0,20779661,20779661,20779661,999999,999999,"RR,DN,WK,P,C,Z1,U2,C#,L2,BR,FB",0
2657926,0,0,0,1342034675,1342034675,1342034675,999999,999999,"RR,P,C,Z1,BR,RQ",0
2676322,0,0,0,324954092,324954092,324954092,999999,999999,"GB,RR,BN,Y,Z1,Z2,P,RQ",0
2693620,0,0,0,136018061041,136018061041,136018061041,999999,999999,"RR,Z1,C,U2,GB,BR,P,Z2,L2",0
2912837,0,0,0,162843419,31431397,31431397,999999,999999,"GB,Z1,DN,RR,RQ,Y,V2,P,U2,EF",0
2942024,0,0,0,16373603,16373603,16373603,999999,999999,"RR,C,U2,Z1,DN,P,BR,FB,EF",0
3106836,0,0,0,122438025882,122438025882,122438025882,999999,999999,"BN,RR,WK,Z1,C,BR,FB,P,RQ",0
2402295,0,0,0,3748821472,3748821472,3748821472,999999,999999,"U2,Z1,L2,RR,P,BR,FB,RQ",0
2439464,0,0,0,98524253,98524253,98524253,999999,999999,"RR,U2,C,Z1,P,DN,L2",0
2448961,0,0,0,2182206,2182206,2182206,999999,999999,"GB,RR,WK,BR,C,P,Y,U2,Z2,RQ,Z1,FB",0
2542708,0,0,0,116242904626,116242904626,116242904626,999999,999999,"GB,RR,V2,WK,Z1,PL,RQ,BR,C,P,Y,Z2",0
2571934,0,0,0,7347784,7347784,7347784,999999,999999,"RR,RQ,C,V2,Z1,WK,Z2,Y,P,GB,IA",0
2585629,0,0,0,9403952,9403952,9403952,999999,999999,"GB,RR,U2,Z1,DN,OS,RQ,Y,C,WK,Z2,DF,P,L2,V2,I,TX,FB,BR,WA,EF",0
2645855,0,0,0,1096044329,1096044329,1096044329,999999,999999,"RR,C,P,DN,Z1,U2,BR,EF,RQ",0
2663169,0,0,0,133690965418,133690965418,133690965418,999999,999999,"RR,V2,Z1,WK,U2,Y,P,C,BR",0
2694511,0,0,0,52845943,52845943,52845943,999999,999999,"RR,P,Z2,U2,Z1,GB,IA",0
2724968,0,0,0,123452383,123452383,123452383,999999,999999,"RR,C,P,Z1,BR",0
2814539,0,0,0,159285161,159285161,159285161,999999,999999,"RR,C,P,Z1,BR",0
2840373,0,0,0,139329109,139329109,139329109,999999,999999,"RR,Z1,P,C,GB,V2,BR,FB,U2,EF,RQ",0
2847761,0,0,0,29807649,29807649,29807649,999999,999999,"WK,U2,P,RR,V2,Z1,C,BR,FB",0
2945935,0,0,0,150978074,150978074,150978074,999999,999999,"Z1,RQ,RR,U2,V2,DN,C,GB,P,L2,I,OS,EF",0
913267,0,0,0,137465240324,137465240324,137465240324,999999,999999,"RR,Z1,P",0
933347,0,0,0,138925263419,138925263419,138925263419,999999,999999,"U2,V2,RR,Z1,GB,P,Z2",0
986269,0,0,0,14923692,14923692,14923692,999999,999999,"PL,Z1,RR,RQ,BR,P,C,FB",0
1077094,0,0,0,14529479,14529479,14529479,999999,999999,"WK,RR,BN,Z1,C,V2,U2,RQ,P,GB,EF",0
1097131,0,0,0,142244002,142244002,142244002,999999,999999,"C#,RR,Z1,C,U2,P,L2,FT,BR,FB,EF",0
1107731,0,0,0,133132036310,133132036310,133132036310,999999,999999,"RR,TX,C,Z1,P,BR,RQ",0
1164494,0,0,0,34788821673,34788821673,34788821673,999999,999999,"RR,Z1,PL,C,BR,P",0
1220400,0,0,0,133615657782,133615657782,133615657782,999999,999999,"U2,BN,RR,V2,Z1,C,P,Y,GB,Z2,BR,RQ",0
1265665,0,0,0,62585243069,62585243069,62585243069,999999,999999,"RR,V2,P,BR,FB,Z1,RQ",0
1376095,0,0,0,162046998,162046998,162046998,999999,999999,"BN,C,RR,WK,Z1,P,RQ",0
1402899,0,0,0,72830478867,72830478867,72830478867,999999,999999,"GB,C#,BN,RR,Z1,P,Z2,Y,BR",0
1424682,0,0,0,29092087786,29092087786,29092087786,999999,999999,"RR,WK,Z1,C,P,U2,BR,L0",0
1534070,0,0,0,21633220,21633220,21633220,999999,999999,"RR,Z1,WK,C,DF,U2,RQ,P,DN,I,BR,FB,EF",0
785052,0,0,0,85163496,5036078,5036078,999999,999999,"GB,RR,PL,DA,TX,U2,Z1,C,V2,BN,Y,RQ,P,Z2,BR,FB,EF",0
797655,0,0,0,72618979,72618979,72618979,999999,999999,"RR,V2,C,P,Z1,BR,FB",0
798045,0,0,0,3313678,2257285,2257285,999999,999999,"RR,Z1,U2,BN,P,Z2,PL,GB,FB",0
109577,0,0,0,151981118,151981118,151981118,999999,999999,"GB,DN,RR,Z1,RQ,Z2,WK,P,U2,Y,V2,L2,C,EF",0
156784,0,0,0,3949876,3949876,3949876,999999,999999,"RR,Z1,C,P,WK,RQ,FB,BR,EF",0
184287,0,0,0,133617935247,133617935247,133617935247,999999,999999,"GB,RR,P,V2,C,WK,Z1,Y",0
191458,0,0,0,151555725,151555725,151555725,999999,999999,"BN,RR,P,Z1,U2,BR,FB,V2,PL,RQ",0
220392,0,0,0,6449522,6449522,6449522,999999,999999,"RR,RQ,Z1,BN,C,WK,U2,Y,PL,BR,Z2,GB,L2,P,IA,V2,FB,EF",0
225378,0,0,0,64285111946,64285111946,64285111946,999999,999999,"WK,P,RR,U2,Z1,BR",0
292875,0,0,0,135187232,135187232,135187232,999999,999999,"RR,V2,P,Z1,U2,C,L2,EF,RQ",0
381108,0,0,0,133910532461,133910532461,133910532461,999999,999999,"GB,P,WK,RR,V2,C,U2,Z1,FB,BR,Y",0
470496,0,0,0,177707835,177707835,177707835,999999,999999,"RR,C,Z1,P",0
486598,0,0,0,37442644,37442644,37442644,999999,999999,"RR,Z1,P,WK,L2,RQ",0
498983,0,0,0,136423855270,136423855270,136423855270,999999,999999,"C#,RR,Z1,C,P,FB,BR",0
526885,0,0,0,88425683,88345820,88345820,999999,999999,"GB,RR,DN,Z1,C#,P,Y,Z2,U2,RQ,BR,FB,FT,L2,C,EF",0
548093,0,0,0,86156420,86156420,86156420,999999,999999,"RR,U2,WK,P,Z1,BR,C,EF,RQ",0
578332,0,0,0,108887544,108887544,108887544,999999,999999,"RR,BR,C,Z1,L2,P",0
610192,0,0,0,133880680188,133880680188,133880680188,999999,999999,"GB,U2,RR,P,Z1,V2,WK,Y,Z2,C",0
606415,0,0,0,96801821,17470846,17470846,999999,999999,"GB,BN,RR,V2,Z1,U2,C,WK,RQ,P,Z2,DF,BR,OS,EF",0
613038,0,0,0,137151788575,137151788575,137151788575,999999,999999,"RR,C,P,U2,Z1",0
614412,0,0,0,74919347733,74919347733,74919347733,999999,999999,"RR,P,Z1,C,L2,RQ",0
651679,0,0,0,118737115495,118737115495,118737115495,999999,999999,"RR,C,P,Z1,RQ",0
676965,0,0,0,16606255,16606255,16606255,999999,999999,"BN,U2,RR,Z1,P,V2,RQ",0
683232,0,0,0,134057343809,134057343809,134057343809,999999,999999,"GB,RR,P,Z1,Y,Z2,C",0
727026,0,0,0,14785700,14785700,14785700,999999,999999,"RR,C,WK,Z1,P,U2,BR,FB,EF",0
729889,0,0,0,1595556463,1595556463,1595556463,999999,999999,"RR,C,Z1,WK,P,BR,FB,RQ",0
749061,0,0,0,133692537422,133692537422,133692537422,999999,999999,"U2,RR,C,P,WK,Z1",0
775887,0,0,0,35083142525,35083142525,35083142525,999999,999999,"RR,C,P,Z1,BR,EF",0
776372,0,0,0,12024492,12024492,12024492,999999,999999,"RR,Z1,V2,P,RQ,WK,Z2,U2,DN,GB,EF",0
2407100,0,0,0,810882,810882,810882,999999,999999,"RR,P,WK,Z1,U2,C,BR,FB,EF,RQ",0
2422026,0,0,0,86501795533,86501795533,86501795533,999999,999999,"U2,RR,V2,WK,C,RQ,P,Z1,BR",0
2460997,0,0,0,56077194877,56077194877,56077194877,999999,999999,"RR,C,P,Z1,BR",0
2497507,0,0,0,137583704679,137583704679,137583704679,999999,999999,"GB,RR,C,Y,Z1,P,BR,RQ",0
2533709,0,0,0,92996455774,92996455774,92996455774,999999,999999,"GB,RR,RQ,P,Z1,Y",0
2574213,0,0,0,119691092789,119691092789,119691092789,999999,999999,"RR,WK,C,Z1,U2,P,RQ,BR,EF,L0",0
2581982,0,0,0,56230426401,56230426401,56230426401,999999,999999,"BM,BR,Z1,RR,P,RQ",0
2616075,0,0,0,3252693569,3252693569,3252693569,999999,999999,"Z1,BN,V2,RR,Y,Z2,WK,P,GB",0
2664724,0,0,0,134538531708,134538531708,134538531708,999999,999999,"RR,V2,RQ,BM,C,U2,P,Z1,Y,BR",0
2715574,0,0,0,104652078,104652078,104652078,999999,999999,"RR,C,Z1,P,V2",0
2719963,0,0,0,53351079,53351079,53351079,999999,999999,"RR,C,P,Z1,BR,Y,V2,EF",0
2722322,0,0,0,125604230,125604230,125604230,999999,999999,"RR,Z1,P,BR,FB",0
2753658,0,0,0,62734193900,62734193900,62734193900,999999,999999,"RR,Z1,C,P,BR,V2",0
2753850,0,0,0,83832325,83832325,83832325,999999,999999,"C#,GB,RR,Z1,RQ,C,Y,Z2,U2,P,IA,FT,DN,BR,FB,EF",0
2791687,0,0,0,134449513232,134449513232,134449513232,999999,999999,"GB,RR,V2,C,U2,Z1,Y,Z2,FB,P,BR",0
2815986,0,0,0,40361811,40361811,40361811,999999,999999,"WK,RR,Z1,P,RQ,Y,GB,EF",0
2861791,0,0,0,134200949216,134200949216,134200949216,999999,999999,"U2,C,V2,RR,P,Z1,BR,EF",0
2990264,0,0,0,44526575390,44526575390,44526575390,999999,999999,"GB,DA,PL,RR,RQ,C,P,Z1,Y,Z2,U2,FB,BR",0
2996271,0,0,0,3118844252,3118844252,3118844252,999999,999999,"RR,U2,L2,Z1,P,RQ",0
3024081,0,0,0,43205047,43205047,43205047,999999,999999,"GB,RR,U2,Z1,P,Y,Z2,C,L2,BR,FB,EF",0
3060297,0,0,0,223391148,223391148,223391148,999999,999999,"RR,C,P,DN,Z1,BR,EF",0
3082779,0,0,0,134149107581,134149107581,134149107581,999999,999999,"RR,BN,U2,P,Z1,BR,C,L2",0
345045,0,0,0,84455846,84455846,84455846,999999,999999,"RR,WK,RQ,V2,C,P,Z1,Y,U2,BR,EF",0
2423982,0,0,0,134576075173,134576075173,134576075173,999999,999999,"RR,P,TX,C,Z1,FB,BR,RQ",0
2072654,0,0,0,706111515,706111515,706111515,999999,999999,"V2,P,BN,WK,U2,C,Z1,RR,RQ",0
1279868,0,0,0,129729813,129729813,129729813,999999,999999,"U2,RR,C,V2,Z1,P,DN,FB,EF",0
273347,0,0,0,119696700,119696700,119696700,999999,999999,"RR,C,P,Z1,U2",0
1310833,0,0,0,43673932,43673932,43673932,999999,999999,"RR,Z1,C,P,BR,FB",0
759379,0,0,0,134091615109,134091615109,134091615109,999999,999999,"U2,DA,BN,RR,Z1,C,P,EF,RQ",0
1097370,0,0,0,136342535178,136342535178,136342535178,999999,999999,"GB,P,Z1,RR,Y,C,BR",0
2955243,0,0,0,47572735621,47572735621,47572735621,999999,999999,"RR,C,P,Z1,BR,EF,RQ",0
1683833,0,0,0,11033656,11033656,11033656,999999,999999,"RR,C,Z1,P,U2,DN,FB,EF,RQ",0
833746,0,0,0,101841130537,101841130537,101841130537,999999,999999,"RR,C,Z1,P,EF,RQ",0
139893,0,0,0,122333049054,122333049054,122333049054,999999,999999,"RR,Z1,P,C,U2,BR,RQ",0
2524305,0,0,0,84427998676,84427998676,84427998676,999999,999999,"RR,C,Z1,BR,P,RQ",0
2465669,0,0,0,128490499373,128490499373,128490499373,999999,999999,"Z1,RR,C,P,BR,EF",0
2616999,0,0,0,77392424,77392424,77392424,999999,999999,"RR,C,Z1,U2,P,L2",0
276703,0,0,0,6856934,6856934,6856934,999999,999999,"Z1,RR,C#,P,C,EF",0
727014,0,0,0,14636054,14636054,14636054,999999,999999,"RR,U2,C,P,Z1,BR,FB,RQ",0
3114490,0,0,0,77806646672,77806646672,77806646672,999999,999999,"RR,C,Z1,P,BR,C#",0
16116,0,0,0,133058056064,133058056064,133058056064,999999,999999,"RR,U2,C,Z1,P,V2,WK,BR",0
681072,0,0,0,137081233398,137081233398,137081233398,999999,999999,"RR,C,Z1,WK,P,U2",0
765761,0,0,0,92911179,92911179,92911179,999999,999999,"RR,C,Z1,P,DN,BR,EF,RQ",0
3007054,0,0,0,9714187,9714187,9714187,999999,999999,"RR,WK,BR,C,DN,FB,Z1,U2,P,RQ,WA,L2,EF",0
2520416,0,0,0,405317292,405317292,405317292,999999,999999,"RR,Z1,C,P,BR,FB",0
1486303,0,0,0,2096346720,2096346720,2096346720,999999,999999,"Z1,RR,L2,P,C,BR,RQ",0
2654683,0,0,0,86574024,86574024,86574024,999999,999999,"GB,BN,U2,Z1,V2,P,C,RR,OS,WK,TX,BR,RQ,Z2,L2,FB,Y,DF,EF",0
2622542,0,0,0,109352304,109352304,109352304,999999,999999,"RR,BN,C,WK,P,Z1,U2,L2,EF,RQ",0
660455,0,0,0,133889241712,133889241712,133889241712,999999,999999,"RR,C,P,Z1",0
1113532,0,0,0,134538198608,134538198608,134538198608,999999,999999,"RR,Z1,P,C,BR",0
3117253,0,0,0,147694357,147694357,147694357,999999,999999,"RR,Z1,P,C,L2,U2",0
54165,0,0,0,15388890,15388890,15388890,999999,999999,"RR,C,P,Z1,BR,FB",0
69414,0,0,0,97060437508,97060437508,97060437508,999999,999999,"GB,RR,V2,C,Z1,Y,P,Z2,U2,BR",0
71687,0,0,0,1003359188,1003359188,1003359188,999999,999999,"RR,C,P,Z1,V2,RQ",0
1594227,0,0,0,134395036330,17058785657,17058785657,999999,999999,"RR,P,U2,Z1,RQ",0
1614962,0,0,0,626224085,626224085,626224085,999999,999999,"RR,WK,Z1,P,C,OS,EF,RQ",0
1620360,0,0,0,68291471,68291471,68291471,999999,999999,"RR,C,P,Z1,U2,BR,Y,EF",0
2346120,0,0,0,123900356,123900356,123900356,999999,999999,"RR,V2,C,P,Z1,BR,GB,EF",0
2364221,0,0,0,135861675829,135861675829,135861675829,999999,999999,"C#,RR,BM,WK,Z1,P,C,FB,BR",0
2373740,0,0,0,87440816,87440816,87440816,999999,999999,"GB,RR,IN,C,U2,RQ,P,Z1,Y,Z2,DN,WK,IA,BR,FB,EF",0
193857,0,0,0,14092803,14092803,14092803,999999,999999,"RR,Z1,P,C,U2,GB",0
1773153,0,0,0,76656896,76656896,76656896,999999,999999,"C#,RR,Z1,P,C,FT",0
1196087,0,0,0,74193612,74193612,74193612,999999,999999,"WK,Z1,RR,P,RQ",0
468828,0,0,0,136361890316,7876405,7876405,999999,999999,"RR,P,PL,Z1,Z2,GB",0
1660836,0,0,0,9687455,9687455,9687455,999999,999999,"RR,Z1,C,P,DA,FB,EF",0
1838298,0,0,0,9939398,9939398,9939398,999999,999999,"RR,Z1,C,U2,P,DN,EF",0
3066305,0,0,0,88598298,64236225,64236225,999999,999999,"L2,RR,Z1,WK,OS,U2,C,RQ,P,DF,Y,BR",0
1705222,0,0,0,4756173,4756173,4756173,999999,999999,"Z1,RR,BN,WK,P,PL,C,RQ",0
28468,0,0,0,19551383,19551383,19551383,999999,999999,"RR,Z1,C,U2,P,WK,BR,FB,EF",0
49570,0,0,0,88259651,88259651,88259651,999999,999999,"PL,RR,WK,BN,Z1,U2,C,FB,P,RQ",0
407730,0,0,0,135370378057,135370378057,135370378057,999999,999999,"P,RR,C,Z1,EF,RQ",0
453792,0,0,0,380017477,380017477,380017477,999999,999999,"GB,Z1,RR,V2,C,WK,U2,Y,P,FB",0
607570,0,0,0,28927850999,28927850999,28927850999,999999,999999,"RR,P,WK,U2,PL,Z1,C,BR,RQ",0
643301,0,0,0,133691776896,133691776896,133691776896,999999,999999,"GB,DA,RR,C,P,Z1,Y,BR",0
601958,0,0,0,112913438,112913438,112913438,999999,999999,"P,RR,C,BR,Z1,FB",0
734553,0,0,0,79429551,79429551,79429551,999999,999999,"Z1,RR,P,C,BR,FB,RQ",0
764905,0,0,0,75541936857,75541936857,75541936857,999999,999999,"Z1,RR,C,P,RQ",0
924300,0,0,0,1220894562,1220894562,1220894562,999999,999999,"BN,RR,Y,V2,RQ,Z1,P,C",0
1376283,0,0,0,35412898,35412898,35412898,999999,999999,"P,RR,Z1,C,V2",0
1385538,0,0,0,119653821,119653821,119653821,999999,999999,"RR,Z1,P,FB,C,RQ",0
1438948,0,0,0,99961856784,99961856784,99961856784,999999,999999,"RR,RQ,PL,WK,C,Z1,U2,P,BR",0
1535864,0,0,0,49488814,49488814,49488814,999999,999999,"GB,RR,Z1,WK,DN,V2,BM,C,DF,U2,RQ,PL,Y,Z2,IA,FB,BA,BR,P,EF",0
1823946,0,0,0,510880024,510880024,510880024,999999,999999,"Z1,RR,GB,P,RQ",0
1885323,0,0,0,277272473,102350444,102350444,999999,999999,"P,RR,C,Z1,C#,EF",0
2127245,0,0,0,133453405,133453405,133453405,999999,999999,"U2,RR,Z1,P,C,BR,RQ",0
2140747,0,0,0,15445809499,15445809499,15445809499,999999,999999,"Z1,RR,P,DA,RQ",0
2171322,0,0,0,127095936,127095936,127095936,999999,999999,"RR,Z1,BR,FB,P,EF",0
2175782,0,0,0,16111364457,16111364457,16111364457,999999,999999,"GB,RR,Z2,Z1,Y,P",0
2433671,0,0,0,86393298560,86393298560,86393298560,999999,999999,"RR,P,U2,Z1,BR,C,L2",0
2717534,0,0,0,14045477,14045477,14045477,999999,999999,"Z1,RR,U2,V2,WK,C,BR,FB,P,EF",0
2916570,0,0,0,135129405322,135129405322,135129405322,999999,999999,"RR,C,P,Z1,U2,RQ",0
2923992,0,0,0,44623953018,44623953018,44623953018,999999,999999,"BN,RR,PL,V2,U2,C,WK,P,Z1",0
3011754,0,0,0,136510669506,136510669506,136510669506,999999,999999,"RR,V2,U2,WK,Z1,BR,C,P,L0",0
864119,0,0,0,4878152327,4878152327,4878152327,999999,999999,"U2,RR,V2,Z1,C,P,L2",0
879334,0,0,0,94554093,94554093,94554093,999999,999999,"RR,C,Z1,BR,U2,P,EF,RQ",0
889910,0,0,0,29238918972,29238918972,29238918972,999999,999999,"L2,RR,C,BN,BR,P,Z1,V2,RQ",0
949941,0,0,0,68717056,68477143,68477143,999999,999999,"C#,RR,DN,Z1,BN,WK,C,Y,RQ,FB,BR,Z2,U2,GB,P,I,FT,EF",0
958227,0,0,0,47464394821,47464394821,47464394821,999999,999999,"RR,C,P,Z1,BR",0
971254,0,0,0,76813478,76813478,76813478,999999,999999,"DN,RR,C,Z1,P,U2,WK,BR",0
973774,0,0,0,27798321,1507590,1507590,999999,999999,"RR,Z1,DN,BN,RQ,BR,FB,P,Z2,GB,OS,PL",0
1024759,0,0,0,6880082830,6880082830,6880082830,999999,999999,"RR,Z1,P,BR,C,WK,FB,RQ",0
1047786,0,0,0,122369519857,122369519857,122369519857,999999,999999,"RR,Z1,BM,C,P,BR,FB,RQ",0
1061755,0,0,0,646525511,646525511,646525511,999999,999999,"RR,C,Z1,U2,P,BR,FB,EF,RQ",0
1089478,0,0,0,12634997,12634997,12634997,999999,999999,"U2,P,RR,WK,Z1,PL,C,BR,FB",0
1176645,0,0,0,22619341,22619341,22619341,999999,999999,"BN,RR,U2,WK,V2,Z1,P,L2,EF",0
1198046,0,0,0,79700246,79700246,79700246,999999,999999,"C#,U2,RR,Z1,WK,C,RQ,FB,Y,Z2,BR,P,I,DF,GB,OS,IA,DN,FT,L2,EF",0
1227808,0,0,0,75164981,75164981,75164981,999999,999999,"RR,V2,Z1,WK,BM,BR,FB,U2,P,L2,RQ",0
1282788,0,0,0,74544687,74544687,74544687,999999,999999,"U2,RR,C,P,Z1,V2,WK,BR",0
1313939,0,0,0,1400227478,1400227478,1400227478,999999,999999,"RR,P,Z1,L2,C",0
1318861,0,0,0,37272224,37272224,37272224,999999,999999,"Z1,RR,P,WK,U2,BR,C,FB,L2",0
1342637,0,0,0,135937783151,135937783151,135937783151,999999,999999,"P,RR,C,Z1,RQ",0
1380104,0,0,0,97858023867,97858023867,97858023867,999999,999999,"Z1,U2,RR,P,C,BR,RQ",0
1405903,0,0,0,46308620,46308620,46308620,999999,999999,"RR,WK,Z1,U2,BR,FB,P,L2,C,C#,BA",0
1442277,0,0,0,174025,174025,174025,999999,999999,"RR,U2,P,BR,Z1,C",0
1549191,0,0,0,87902717,87902717,87902717,999999,999999,"RR,C,Z1,P,EF,RQ",0
1560896,0,0,0,29299840874,29299840874,29299840874,999999,999999,"RR,BN,P,Z1,RQ",0
1565186,0,0,0,433048326,433048326,433048326,999999,999999,"Z1,P,BR,FB,RR",0
1572187,0,0,0,135726555415,135726555415,135726555415,999999,999999,"RR,C,WK,Z1,P,U2,BR",0
1689593,0,0,0,110712632,110712632,110712632,999999,999999,"RR,U2,V2,Z1,P,WK,BR,C,RQ",0
1745340,0,0,0,1360681076,1360681076,1360681076,999999,999999,"RR,C,P,Z1",0
1755644,0,0,0,433312304,433312304,433312304,999999,999999,"C,RR,P,Z1,DN,EF,RQ",0
1772565,0,0,0,144389120,144389120,144389120,999999,999999,"V2,RR,C,P,WK,Z1,U2,TX,BR,FB,EF",0
1803953,0,0,0,135369113234,135369113234,135369113234,999999,999999,"GB,RR,Y,Z1,C,Z2,BR,P",0
1878877,0,0,0,127927839,64748997,64748997,999999,999999,"RR,U2,C,Z1,FB,BR,P",0
1895967,0,0,0,1569013777,1569013777,1569013777,999999,999999,"RR,Z1,P,C,RQ",0
1914674,0,0,0,134602809689,134602809689,134602809689,999999,999999,"RR,P,Z1,RQ,Y",0
1917926,0,0,0,2284521012,2284521012,2284521012,999999,999999,"RR,V2,C,BR,U2,Z1,P",0
1978693,0,0,0,134496275125,134496275125,134496275125,999999,999999,"RR,C,WK,Z1,P",0
1989987,0,0,0,134576013327,134576013327,134576013327,999999,999999,"RR,IN,P,WK,BM,Z1,C,BR",0
2126491,0,0,0,21154044,21154044,21154044,999999,999999,"U2,RR,Z1,DF,GB,Z2,Y,P,V2,DN,OS,EF,RQ",0
2140704,0,0,0,1466441151,1466441151,1466441151,999999,999999,"RR,C,Z1,P,BR",0
2134595,0,0,0,681736488,681736488,681736488,999999,999999,"RR,BR,C,WK,Z1,U2,P,EF,RQ",0
2161914,0,0,0,1428509685,1428509685,1428509685,999999,999999,"RR,Z1,P,C",0
2165622,0,0,0,51020300,51020300,51020300,999999,999999,"C,RR,P,Z1,DN,U2,L2,BR,EF",0
2194366,0,0,0,20349490,20349490,20349490,999999,999999,"GB,BN,RR,Z1,BM,V2,RQ,Y,U2,P,Z2,BR,FB,WK",0
2268831,0,0,0,3541765876,3541765876,3541765876,999999,999999,"RR,Z1,C,P,RQ",0
2312845,0,0,0,63415649,63415649,63415649,999999,999999,"RR,Z1,WK,V2,C,P,EF,RQ",0
2870544,0,0,0,135249388308,135249388308,135249388308,999999,999999,"U2,RR,C,Z1,P,BR,EF",0
1937736,0,0,0,13416688,13416688,13416688,999999,999999,"RR,C,P,Z1,BR,FB",0
1582123,0,0,0,38142268151,38142268151,38142268151,999999,999999,"RR,C,U2,V2,Z1,P,BR,FB,RQ",0
1540782,0,0,0,90667785,90667785,90667785,999999,999999,"V2,RR,BN,U2,C,P,WK,Z1,L2,EF,RQ",0
323989,0,0,0,72042977,72042977,72042977,999999,999999,"GB,Z1,RR,V2,TX,RQ,BN,FB,BR,Y,C,WK,U2,Z2,P,DF,DN,IA,L2,EF",0
2918589,0,0,0,19106462,19106462,19106462,999999,999999,"RR,C,Z1,P",0
1769935,0,0,0,57922177,57922177,57922177,999999,999999,"RR,V2,Z1,P,U2,WK,C,BR,FB,EF",0
593234,0,0,0,152648174,152648174,152648174,999999,999999,"RR,P,C,Z1,C#,EF",0
1757362,0,0,0,125381470,125381470,125381470,999999,999999,"P,RR,C,V2,Z1,BR,FB,EF,RQ",0
2036904,0,0,0,105555410,105555410,105555410,999999,999999,"P,RR,Z1,C,L2,RQ",0
1896606,0,0,0,137967888186,137967888186,137967888186,999999,999999,"GB,V2,WK,BN,RR,P,C,Z1,U2,Y,Z2,EF",0
72750,0,0,0,251441492,251441492,251441492,999999,999999,"RR,Z1,C,P,RQ",0
709372,0,0,0,97991255467,97991255467,97991255467,999999,999999,"RR,IN,C,P,RQ,WK,Z1,BR,EF",0
1412485,0,0,0,119189917,119189917,119189917,999999,999999,"RR,C,Z1,DA,C#,P",0
2151185,0,0,0,14636054,14636054,14636054,999999,999999,"RR,U2,C,P,Z1,BR,FB,RQ",0
804853,0,0,0,16407149,16407149,16407149,999999,999999,"RR,U2,C,P,Z1,BR,FB",0
922077,0,0,0,90083092,90083092,90083092,999999,999999,"U2,RR,P,Z1,RQ,L2,GB,EF,Z2",0
588040,0,0,0,79809079,79809079,79809079,999999,999999,"RR,P,C,Z1,BR,FB,RQ",0
2167209,0,0,0,136684134038,136684134038,136684134038,999999,999999,"RR,C,P,Z1,BR,RQ",0
1582007,0,0,0,26957501,26957501,26957501,999999,999999,"RR,Z1,C,U2,P,RQ,L2,EF",0
2718783,0,0,0,119728532467,119728532467,119728532467,999999,999999,"Z1,P,C,RR,BR",0
1864829,0,0,0,136406837570,136406837570,136406837570,999999,999999,"RR,V2,BN,P,Z1",0
2658565,0,0,0,15370325584,15370325584,15370325584,999999,999999,"WK,RR,Z1,P,C,BR",0
2153088,0,0,0,135942814543,135942814543,135942814543,999999,999999,"Y,GB,RR,BN,V2,C,Z1,P,U2,FB,BR,L0",0
531058,0,0,0,25535900,25535900,25535900,999999,999999,"DN,C,RR,V2,P,Z1,U2,EF",0
1001325,0,0,0,324007112,324007112,324007112,999999,999999,"RR,Z1,C,P,U2,WK",0
1512857,0,0,0,134449027097,134449027097,134449027097,999999,999999,"RR,Z1,U2,C,P,V2,RQ",0
1891253,0,0,0,932436422,932436422,932436422,999999,999999,"RR,C,Z1,PL,P",0
809509,0,0,0,56065525,56065525,56065525,999999,999999,"RR,Z1,P",0
825774,0,0,0,42189554,42189554,42189554,999999,999999,"Z1,Y,RR,P,Z2,WK,C,U2,PL,GB,BR,FB,DN,I,RQ",0
96969,0,0,0,134496136487,134496136487,134496136487,999999,999999,"Z1,WK,P,RR,V2",0
164057,0,0,0,12399230542,12399230542,12399230542,999999,999999,"RR,C,P,Z1,BR,EF",0
195409,0,0,0,24440414,24440414,24440414,999999,999999,"P,RR,U2,Z1,V2,C,WA,BR,FB,RQ",0
221769,0,0,0,691856962,691856962,691856962,999999,999999,"RR,BR,P,Z1,Z2,Y,GB",0
243080,0,0,0,12353124222,12353124222,12353124222,999999,999999,"BR,RR,P,U2,Z1,C,RQ",0
256508,0,0,0,52306262443,52306262443,52306262443,999999,999999,"U2,RR,WK,V2,C,P,Z1,BR,EF,RQ",0
258627,0,0,0,19842534,19842534,19842534,999999,999999,"RR,BN,P,BR,C,Z1,FB",0
258565,0,0,0,1596599,1596599,1596599,999999,999999,"GB,RR,DN,C,Z1,P,Y,RQ,BR,EF",0
269464,0,0,0,135071221332,135071221332,135071221332,999999,999999,"DA,RR,BN,C,P,Z1,RQ,WK,Y,Z2,GB,BR",0
290492,0,0,0,3089936285,3089936285,3089936285,999999,999999,"RR,PL,BN,BR,C,Z1,P,L2,RQ",0
306598,0,0,0,1020958365,1020958365,1020958365,999999,999999,"RR,C,Z1,P,GB,RQ",0
307874,0,0,0,134404079277,134404079277,134404079277,999999,999999,"PL,Z1,RR,U2,P,L2,C,RQ",0
317815,0,0,0,35022668700,12312680,12312680,999999,999999,"GB,Z1,RR,WK,RQ,C,BN,U2,P,Y,V2,FB,BR,Z2,EF",0
347902,0,0,0,134462772,134462772,134462772,999999,999999,"RR,C,P,Z1",0
381161,0,0,0,134757875,134757875,134757875,999999,999999,"RR,C,Z1,P,RQ",0
382045,0,0,0,134150768007,134150768007,134150768007,999999,999999,"P,RR,C,Z1,BR",0
429679,0,0,0,133336069152,133336069152,133336069152,999999,999999,"RR,C,P,Z1,WK,U2,RQ",0
437537,0,0,0,133857292094,133857292094,133857292094,999999,999999,"RR,V2,C,P,Z1,BR",0
468508,0,0,0,12376210972,12376210972,12376210972,999999,999999,"RR,C,P,Z1,BR",0
471916,0,0,0,53536808,53536808,53536808,999999,999999,"RR,C,Z1,FB,BR,P,RQ",0
475863,0,0,0,161139869,161139869,161139869,999999,999999,"RR,P,U2,C,Z1,BR,DN,BA,L2,EF,RQ",0
535873,0,0,0,136253512684,136253512684,136253512684,999999,999999,"RR,C,Z1,V2,P,U2,BR",0
552333,0,0,0,136974575,136974575,136974575,999999,999999,"C,P,RR,U2,Z1,RQ",0
623898,0,0,0,68742016,68742016,68742016,999999,999999,"RR,C,U2,P,Z1",0
625778,0,0,0,77475974,77475974,77475974,999999,999999,"Z1,RR,C,P,EF",0
628711,0,0,0,83184168,83184168,83184168,999999,999999,"Z1,RR,P,BR,C,V2,FB",0
626873,0,0,0,67298793,67298793,67298793,999999,999999,"V2,RR,U2,P,Z1,WK,PL,C,EF",0
630758,0,0,0,81390882,81390882,81390882,999999,999999,"RR,V2,C,WK,Z1,BR,FB,P",0
634226,0,0,0,134402549972,134402549972,134402549972,999999,999999,"PL,RR,WK,Z1,C,V2,P,BR,EF",0
700502,0,0,0,297552393,297552393,297552393,999999,999999,"RR,Z1,P",0
703737,0,0,0,933751090,933751090,933751090,999999,999999,"GB,U2,RR,V2,Z1,C,BN,WK,Y,P,Z2,BR,FB,EF,RQ",0
718298,0,0,0,97839477722,97839477722,97839477722,999999,999999,"GB,RR,C,Z1,P,Y,BR,RQ",0
747780,0,0,0,136158550008,136158550008,136158550008,999999,999999,"RR,U2,WK,V2,C,Z1,GB,P,FB,BR,Z2",0
791436,0,0,0,55999388,55999388,55999388,999999,999999,"Z1,P,RR,BR,C,DN,RQ",0
3080945,0,0,0,106918820,106918820,106918820,999999,999999,"WK,Z1,P,RR",0
856079,0,0,0,81425423,81425423,81425423,999999,999999,"RR,P,Z1,C,BR",0
475300,0,0,0,135385951616,135385951616,135385951616,999999,999999,"WK,P,Z1,RR,U2,L0",0
339793,0,0,0,90927290,90927290,90927290,999999,999999,"RR,Z1,C,P,BR,FB,BA",0
1685066,0,0,0,371320477,371320477,371320477,999999,999999,"RR,C,P,Z1,BR",0
294787,0,0,0,126512689,126512689,126512689,999999,999999,"AR,P,RR,Z1,C,U2,L2,BR,DN,FB,EF,RQ",0
422607,0,0,0,20779661,20779661,20779661,999999,999999,"RR,DN,WK,P,C,Z1,U2,C#,L2,BR,FB",0
443355,0,0,0,28893023,28893023,28893023,999999,999999,"RR,Z1,P,BR,FB,C",0
463383,0,0,0,142474977,142474977,142474977,999999,999999,"WK,RR,V2,Z1,U2,L2,C,P,EF",0
507596,0,0,0,102008048951,102008048951,102008048951,999999,999999,"RR,P,Z1,C,BR",0
520625,0,0,0,123018902,31373925,31373925,999999,999999,"RR,RQ,Z1,WK,C,U2,P,V2,Y,Z2,GB,DN,EF",0
558391,0,0,0,100259462750,100259462750,100259462750,999999,999999,"RR,Z1,U2,BR,P",0
573363,0,0,0,51801674,51801674,51801674,999999,999999,"RR,V2,U2,Z1,P,BR,FB,L2,EF,RQ",0
648323,0,0,0,105200903,105200903,105200903,999999,999999,"RR,C,WK,P,Z1,BR,EF",0
736516,0,0,0,16036210,16036210,16036210,999999,999999,"RQ,RR,Z1,C,P",0
755797,0,0,0,135942799870,135942799870,135942799870,999999,999999,"RR,BM,P,Z1,BR,C",0
833349,0,0,0,359260397,359260397,359260397,999999,999999,"GB,V2,WK,Y,Z2,Z1,RR,P,FB,BR,RQ",0
912323,0,0,0,61248213,61248213,61248213,999999,999999,"BN,RR,Y,Z1,U2,RQ,WK,C,GB,Z2,P,DN,IA,L2,I,OS,EF",0
1030605,0,0,0,47886890,47886890,47886890,999999,999999,"RR,BN,P,C,Z1,BR",0
1103667,0,0,0,38756247,38756247,38756247,999999,999999,"RR,PL,C,Z1,P,V2,BR,FB,RQ",0
1422272,0,0,0,64216015741,64216015741,64216015741,999999,999999,"RR,C,P,U2,Z1,BR",0
1642441,0,0,0,134346316783,134346316783,134346316783,999999,999999,"RR,PL,C,Z1,P,BR",0
1659419,0,0,0,64210978141,64210978141,64210978141,999999,999999,"RR,C,Z1,BR,P,RQ",0
1835693,0,0,0,34288893,34288893,34288893,999999,999999,"RR,IN,Z1,BR,C,P,BA,L2,EF",0
2000164,0,0,0,77632659874,77632659874,77632659874,999999,999999,"P,Z1,RR",0
2016143,0,0,0,79151090,79151090,79151090,999999,999999,"RR,C,P,Z1,BR",0
1973863,0,0,0,160646432,160646432,160646432,999999,999999,"Z1,RR,C#,L2,P,C,GB,DN,RQ",0
2302781,0,0,0,102945134,102945134,102945134,999999,999999,"RR,Z1,P,C,WK,V2,U2,BR,IA,FB,RQ",0
2317610,0,0,0,85721045,85721045,85721045,999999,999999,"Z1,P,RR,U2",0
2460720,0,0,0,97271830,97271830,97271830,999999,999999,"WK,RR,C,Z1,BR,P,L2,EF",0
2518831,0,0,0,244906349,244906349,244906349,999999,999999,"Z1,RR,P,RQ",0
2854364,0,0,0,135726447766,135726447766,135726447766,999999,999999,"RR,V2,C,PL,WK,Z1,U2,P,BR",0
2881800,0,0,0,83677286,83677286,83677286,999999,999999,"Z1,C,RR,U2,V2,P,WK,WA,DN,I,IA,EF,RQ",0
2927125,0,0,0,40045425699,40045425699,40045425699,999999,999999,"RR,C,Z1,P,BR,RQ",0
2959506,0,0,0,74914444691,74914444691,74914444691,999999,999999,"RR,P,WK,Z1,C,BR,FB,U2,EF",0
3025203,0,0,0,136510082036,136510082036,136510082036,999999,999999,"RR,U2,Z1,BR,C,P",0
3030197,0,0,0,130031872,130031872,130031872,999999,999999,"RR,P,Z1,WK,DF,BR",0
3120389,0,0,0,72592900,72592900,72592900,999999,999999,"Z1,RR,DN,C,RQ,U2,BR,FB,WK,OS,P,L2,Y,EF",0
446980,0,0,0,526214509,526214509,526214509,999999,999999,"C,RR,Z1,WK,P,PL",0
315765,0,0,0,238465981,238465981,238465981,999999,999999,"V2,C,RR,P,Z1,BR,FB,WK,EF,RQ",0
1583340,0,0,0,50623791021,50623791021,50623791021,999999,999999,"RR,P,C,WK,V2,U2,RQ,Z1,BR",0
1591146,0,0,0,44630960991,44630960991,44630960991,999999,999999,"RR,C,P,Z1,BR",0
1629153,0,0,0,85786672,85786672,85786672,999999,999999,"RR,C,Z1,V2,WK,U2,IA,GB,P,BR,DN,EF,Z2",0
1655021,0,0,0,135654966720,135654966720,135654966720,999999,999999,"P,RR,V2,C,Z1,DN,BR",0
1658058,0,0,0,2125140934,2125140934,2125140934,999999,999999,"C,RQ,GB,Z1,P,U2,Z2,RR,BR,FB",0
1664922,0,0,0,7116265454,7116265454,7116265454,999999,999999,"C#,BN,PL,RR,Z1,U2,RQ,C,Y,P,FB,BR,Z2,GB",0
1697187,0,0,0,47652617,47652617,47652617,999999,999999,"RR,U2,C,Z1,P,BR,FT,EF,L0",0
1697357,0,0,0,65760997,65760997,65760997,999999,999999,"RR,P,V2,DN,C,U2,Z1,BR,EF",0
1708292,0,0,0,4854194,4854194,4854194,999999,999999,"GB,P,RR,Z1,Y,C,PL,BN,WK,RQ,Z2,BR,IA,EF",0
1719210,0,0,0,138117494287,138117494287,138117494287,999999,999999,"WK,Z1,RR,C,V2,P,RQ",0
1753904,0,0,0,150359258,150359258,150359258,999999,999999,"RR,P,BR,C,Z1",0
1758434,0,0,0,53351079,53351079,53351079,999999,999999,"RR,C,P,Z1,BR,Y,V2,EF",0
1802737,0,0,0,134342851699,134342851699,134342851699,999999,999999,"BN,RR,C,L2,P,Z1",0
1835133,0,0,0,11508774,11508774,11508774,999999,999999,"GB,BN,RR,Z1,U2,C,RQ,V2,WK,Y,P,OS,BR,DF,Z2,DN,PL,FB,I,EF",0
1888965,0,0,0,27752581,27752581,27752581,999999,999999,"RR,C,Z1,P,BR,FB",0
1923338,0,0,0,12171891,12171891,12171891,999999,999999,"GB,Z1,RR,C,Y,P,U2,Z2,BR",0
1930680,0,0,0,24298896,24298896,24298896,999999,999999,"U2,RR,Z1,P,EF,RQ",0
1994958,0,0,0,64830126981,64830126981,64830126981,999999,999999,"RR,C,P,Z1,BR",0
2019348,0,0,0,114025474,114025474,114025474,999999,999999,"RR,C,Z1,P",0
2027950,0,0,0,2082750644,2082750644,2082750644,999999,999999,"RR,C,P,Z1,BR",0
2047770,0,0,0,2297985925,2297985925,2297985925,999999,999999,"RR,WK,P,U2,Z1,L0,RQ",0
2062107,0,0,0,107130300,107130300,107130300,999999,999999,"U2,RR,WK,C,V2,Z1,P,BR,FB,L2",0
2111942,0,0,0,433695053,433695053,433695053,999999,999999,"RR,DN,DF,P,Z1,C,U2,V2,L2,RQ",0
2150426,0,0,0,1215178377,1215178377,1215178377,999999,999999,"RR,C,Z1,P,BR,RQ",0
2294608,0,0,0,48741769,48741769,48741769,999999,999999,"DN,RR,C,Z1,P,U2,L2,C#",0
2311212,0,0,0,99882912727,99882912727,99882912727,999999,999999,"U2,RR,L2,C,P,Z1,BR,EF,L0,RQ",0
18500,0,0,0,59197495051,59197495051,59197495051,999999,999999,"U2,WK,RR,P,C,Z1,BR,L0",0
20937,0,0,0,87888816,87888816,87888816,999999,999999,"C,RR,P,U2,Z1,DN,WK,BR,EF",0
71805,0,0,0,118245875,118245875,118245875,999999,999999,"U2,RR,C,V2,Z1,P,BR,FB,EF",0
2412382,0,0,0,62508948,62508948,62508948,999999,999999,"RR,RQ,Z1,C,P,FB,BR",0
2496813,0,0,0,9445161,9445161,9445161,999999,999999,"Z1,P,RR,U2,GB,IA,V2,DN,C,L2,EF,Z2",0
2535334,0,0,0,52297066,52297066,52297066,999999,999999,"GB,Z1,L2,RR,RQ,DF,C,P,Y,U2,Z2,PL,BR,WK,V2,FB,EF",0
2573283,0,0,0,188888981,188888981,188888981,999999,999999,"RR,C,U2,Z1,P,C#,L2,EF",0
2616575,0,0,0,904153,904153,904153,999999,999999,"RR,C,WK,V2,Z1,U2,RQ,FB,BR,P,EF",0
2645109,0,0,0,79218664,79218664,79218664,999999,999999,"RR,C,Z1,P,DN,TX,BR,FB,U2,EF,RQ",0
2678249,0,0,0,97888738641,97888738641,97888738641,999999,999999,"RR,U2,RQ,P,C,Z1,V2,BR",0
2721714,0,0,0,43689233,43689233,43689233,999999,999999,"RR,C,P,Z1",0
2805828,0,0,0,60841554,60841554,60841554,999999,999999,"C#,RR,DN,WK,Z1,RQ,DF,C,U2,P,V2,PL,Y,Z2,GB,BR,FB,IA,FT,L2,EF",0
2817478,0,0,0,54820913,54820913,54820913,999999,999999,"RR,Z1,P,V2,BR,FB,EF",0
2856159,0,0,0,238584937,238584937,238584937,999999,999999,"RR,Z1,P,FB,BR,C,DN,V2,EF",0
2882547,0,0,0,47542421206,47542421206,47542421206,999999,999999,"BN,WK,RR,C,U2,P,Z1,BR",0
2884098,0,0,0,72785800516,72785800516,72785800516,999999,999999,"GB,RR,U2,Z1,P,Y,Z2,C,BR",0
2899012,0,0,0,94792402,94792402,94792402,999999,999999,"Z1,RR,C,BR,P,RQ",0
2953000,0,0,0,161374502,161374502,161374502,999999,999999,"RR,P,Z1,Y,C,BR",0
3012658,0,0,0,12474044,12474044,12474044,999999,999999,"RR,Z1,C,U2,Z2,GB,Y,P,RQ,V2,BR",0
3012502,0,0,0,102311256968,102311256968,102311256968,999999,999999,"RR,WK,BR,C,V2,U2,Z1,P",0
3064768,0,0,0,20404953,20404953,20404953,999999,999999,"RR,P,Z1,WK,C,EF",0
874628,0,0,0,66334387292,66334387292,66334387292,999999,999999,"RR,L2,P,Z1,WK",0
883031,0,0,0,79513280,79513280,79513280,999999,999999,"C#,RR,Z1,C,RQ,WK,U2,P,Z2,GB,V2,Y,BR,FB,FT,DN,EF",0
885763,0,0,0,100915627,100915627,100915627,999999,999999,"RR,P,RQ,Z1,L2,U2,WK,C,BR,BA",0
909124,0,0,0,75617510,75617510,75617510,999999,999999,"RR,WK,C,P,U2,Z1,IA,BR,FB,EF,L0",0
940435,0,0,0,64369223341,64369223341,64369223341,999999,999999,"RR,V2,Z1,WK,P,BN,U2,FB,BR",0
964550,0,0,0,134443625175,134443625175,134443625175,999999,999999,"U2,RR,V2,P,C,Z1,PL,RQ,WK,BR",0
981320,0,0,0,3777741,3777741,3777741,999999,999999,"BN,RR,C,Z1,P",0
988032,0,0,0,1165666421,82405266,82405266,999999,999999,"RR,C,Z1,P,U2,EF",0
1028136,0,0,0,122737074597,122737074597,122737074597,999999,999999,"GB,P,RR,Z1,U2,BR,C,Y,Z2,RQ",0
1048925,0,0,0,48027607526,48027607526,48027607526,999999,999999,"RR,C,BR,P,U2,Z1,V2,RQ",0
1063169,0,0,0,137085264333,137085264333,137085264333,999999,999999,"RR,WK,Z1,C,BR,P",0
1068402,0,0,0,27774949,27774949,27774949,999999,999999,"RR,C,P,Z1,DN,L2,EF",0
1071481,0,0,0,7978780,7978780,7978780,999999,999999,"GB,RR,BN,C,Y,WK,Z1,U2,P,RQ,Z2,BR,L0",0
1101587,0,0,0,367861,367861,367861,999999,999999,"RR,P,U2,Z1,BR,FB,L2,EF",0
1116115,0,0,0,136132926526,136132926526,136132926526,999999,999999,"RR,Z1,U2,P,BR,FB,Z2,Y",0
1135348,0,0,0,29084428774,29084428774,29084428774,999999,999999,"RR,WK,V2,C,DN,U2,PL,Z1,P,BR,L2,Y,GB,EF,RQ",0
1138519,0,0,0,120937148,120937148,120937148,999999,999999,"Z1,RR,P,U2,L2",0
1156363,0,0,0,69868544,2775471,2775471,999999,999999,"C#,GB,RR,P,Z2,Z1,DN,WK,C,DF,Y,I,RQ,U2,TX,OS,FT,BR,FB,EF",0
1166564,0,0,0,181733283,181733283,181733283,999999,999999,"U2,C,Z1,P,RR,V2,BR,FB,RQ",0
1170369,0,0,0,134034136,134034136,134034136,999999,999999,"RR,P,Z1",0
1200672,0,0,0,41950823,41950823,41950823,999999,999999,"RR,PL,P,C,V2,Z1,EF,RQ",0
1223327,0,0,0,615426433,615426433,615426433,999999,999999,"Z1,P,V2,RR,U2,C,BR,FB",0
1232419,0,0,0,134150985472,134150985472,134150985472,999999,999999,"U2,RR,V2,C,WK,P,Z1",0
1263429,0,0,0,123708353,123708353,123708353,999999,999999,"RR,U2,P,Z1,L0",0
1318523,0,0,0,140579703,140579703,140579703,999999,999999,"RR,V2,C,P,U2,Z1,DN",0
1381412,0,0,0,33783824,33783824,33783824,999999,999999,"RR,C#,Z1,U2,P,IN,IA,FT,GB,I,RQ",0
1379915,0,0,0,86059120,86059120,86059120,999999,999999,"WK,RR,C,U2,Z1,P,BR,FB,EF,L0",0
1412620,0,0,0,133690955812,133690955812,133690955812,999999,999999,"Z1,C,RR,P,BR",0
1424278,0,0,0,72814270067,139738917,139738917,999999,999999,"RR,C,WK,P,Z1,U2,BR,L0",0
1429177,0,0,0,74912650287,74912650287,74912650287,999999,999999,"RR,P,C,Z1,BR",0
1444021,0,0,0,5786869,5786869,5786869,999999,999999,"RR,C,Z1,V2,BR,P,U2,EF",0
1451585,0,0,0,63914677,63914677,63914677,999999,999999,"GB,RR,Z1,TX,C,RQ,P,U2,Z2,Y,FB,BR,IA,EF",0
1453290,0,0,0,128125984,23186444,23186444,999999,999999,"GB,RR,U2,Z1,C,P,RQ,Z2,L2,BR,DN,OS,FB,EF",0
1467563,0,0,0,86399831910,86399831910,86399831910,999999,999999,"RR,P,Z1,C,V2,WK,U2,BR,Y,RQ",0
1472935,0,0,0,42623142,42623142,42623142,999999,999999,"RR,P,Z1,Z2,Y,GB",0
1469494,0,0,0,74922886219,74922886219,74922886219,999999,999999,"RR,P,C,TX,WK,U2,Z1,BR,RQ",0
1486613,0,0,0,548587649,548587649,548587649,999999,999999,"RR,P,C,Z1,U2,BR,FB",0
1507157,0,0,0,44535594591,44535594591,44535594591,999999,999999,"RR,U2,P,C,V2,Z1,BR,L2,RQ",0
1529884,0,0,0,136931659775,136931659775,136931659775,999999,999999,"GB,RR,Z1,U2,P,Y,Z2",0
2323560,0,0,0,318163092,318163092,318163092,999999,999999,"RR,P,C,Z1,EF",0
2358513,0,0,0,128304043,128304043,128304043,999999,999999,"U2,RR,P,WK,Z1,C,BR",0
2366953,0,0,0,136510254209,136510254209,136510254209,999999,999999,"RR,C,Z1,P,RQ,BR",0
